Date,Temperature,Humidity,SensibleTemp
2000-05-01,19.2,55.9,20.0
2000-05-02,19.8,40.3,19.4
2000-05-03,21.9,38.3,21.2
2000-05-04,23.9,31.9,22.4
2000-05-05,21.9,39.2,21.2
2000-05-06,19.3,48.4,19.5
2000-05-07,19.5,39.0,19.0
2000-05-08,23.3,35.6,22.3
2000-05-09,24.8,96.7,28.4
2000-05-10,19.3,33.1,18.4
2000-05-11,14.1,73.5,16.0
2000-05-12,18.2,56.2,19.0
2000-05-13,24.6,33.0,23.2
2000-05-14,24.3,43.6,23.9
2000-05-15,21.6,49.2,21.8
2000-05-16,21.0,55.7,21.7
2000-05-17,22.4,52.6,22.8
2000-05-18,23.6,47.7,23.6
2000-05-19,20.6,56.7,21.4
2000-05-20,21.3,53.4,21.8
2000-05-21,22.6,48.0,22.6
2000-05-22,24.9,52.5,25.3
2000-05-23,24.8,63.4,26.0
2000-05-24,27.0,49.5,27.0
2000-05-25,30.1,39.1,29.1
2000-05-26,27.1,52.2,27.4
2000-05-27,18.6,86.0,21.3
2000-05-28,23.7,45.6,23.5
2000-05-29,26.6,43.5,26.1
2000-05-30,21.3,83.9,24.0
2000-05-31,25.1,48.4,25.1
2000-06-01,26.0,50.1,26.1
2000-06-02,27.7,47.6,27.6
2000-06-03,31.8,39.3,30.7
2000-06-04,32.6,21.9,29.1
2000-06-05,31.2,32.8,29.3
2000-06-06,27.7,41.5,27.0
2000-06-07,25.8,52.4,26.2
2000-06-08,23.1,60.2,24.1
2000-06-09,27.8,37.8,26.7
2000-06-10,25.1,54.0,25.6
2000-06-11,28.4,30.3,26.4
2000-06-12,29.6,25.9,27.0
2000-06-13,29.6,37.4,28.4
2000-06-14,29.5,41.5,28.7
2000-06-15,32.0,37.4,30.6
2000-06-16,29.5,52.6,29.8
2000-06-17,30.2,50.5,30.3
2000-06-18,34.0,37.5,32.6
2000-06-19,33.3,37.5,31.9
2000-06-20,32.2,41.0,31.2
2000-06-21,31.0,48.4,30.9
2000-06-22,27.7,60.2,28.7
2000-06-23,26.3,63.6,27.5
2000-06-24,28.1,55.0,28.6
2000-06-25,28.3,56.1,28.9
2000-06-26,26.5,71.8,28.4
2000-06-27,30.0,51.1,30.1
2000-06-28,33.1,37.4,31.7
2000-06-29,25.7,68.0,27.3
2000-06-30,25.8,91.1,29.1
2000-07-01,30.8,50.8,30.9
2000-07-02,33.4,48.2,33.2
2000-07-03,33.2,50.4,33.2
2000-07-04,33.6,53.3,33.9
2000-07-05,33.9,49.0,33.8
2000-07-06,34.2,49.8,34.2
2000-07-07,33.4,44.3,32.8
2000-07-08,33.0,35.3,31.4
2000-07-09,30.4,56.8,31.0
2000-07-10,34.0,38.1,32.7
2000-07-11,27.6,64.7,29.0
2000-07-12,28.7,67.8,30.3
2000-07-13,31.0,57.0,31.7
2000-07-14,30.5,56.9,31.2
2000-07-15,30.7,59.6,31.6
2000-07-16,28.6,67.2,30.2
2000-07-17,30.5,63.5,31.7
2000-07-18,32.0,59.3,32.9
2000-07-19,28.9,72.3,30.8
2000-07-20,31.8,61.5,32.9
2000-07-21,30.3,68.5,31.9
2000-07-22,25.9,86.3,28.9
2000-07-23,29.5,57.5,30.2
2000-07-24,30.9,52.7,31.2
2000-07-25,29.7,58.5,30.5
2000-07-26,31.5,48.6,31.4
2000-07-27,31.4,57.2,32.1
2000-07-28,31.7,53.3,32.0
2000-07-29,29.7,69.9,31.5
2000-07-30,26.5,84.7,29.3
2000-07-31,30.3,45.4,29.9
2000-08-01,31.2,47.7,31.0
2000-08-02,33.9,44.2,33.3
2000-08-03,32.2,96.8,36.2
2000-08-04,29.4,63.5,30.6
2000-08-05,28.4,82.7,31.2
2000-08-06,25.3,86.9,28.3
2000-08-07,28.2,77.2,30.5
2000-08-08,31.6,59.0,32.5
2000-08-09,31.4,59.8,32.3
2000-08-10,32.2,53.6,32.5
2000-08-11,32.9,53.7,33.3
2000-08-12,33.1,53.8,33.5
2000-08-13,33.2,49.1,33.1
2000-08-14,32.2,54.2,32.6
2000-08-15,32.6,53.0,32.9
2000-08-16,31.8,60.6,32.8
2000-08-17,35.0,47.0,34.6
2000-08-18,34.5,46.4,34.1
2000-08-19,26.7,63.7,28.0
2000-08-20,24.3,81.6,26.9
2000-08-21,26.2,69.0,27.9
2000-08-22,28.8,54.4,29.3
2000-08-23,30.1,46.2,29.8
2000-08-24,25.4,78.6,27.8
2000-08-25,23.3,90.4,26.5
2000-08-26,22.6,96.7,26.2
2000-08-27,26.7,97.3,30.5
2000-08-28,28.2,77.6,30.5
2000-08-29,32.2,58.9,33.1
2000-08-30,33.3,51.9,33.5
2000-08-31,29.8,85.8,32.8
2000-09-01,26.0,78.7,28.4
2000-09-02,30.2,66.3,31.7
2000-09-03,31.0,59.8,31.9
2000-09-04,29.5,47.3,29.3
2000-09-05,28.5,49.0,28.5
2000-09-06,25.2,79.0,27.6
2000-09-07,21.0,83.8,23.7
2000-09-08,23.2,69.4,24.9
2000-09-09,22.8,65.3,24.2
2000-09-10,27.5,43.5,27.0
2000-09-11,25.7,42.5,25.2
2000-09-12,24.2,42.0,23.7
2000-09-13,17.5,86.3,20.3
2000-09-14,17.3,94.9,20.6
2000-09-15,18.2,92.5,21.3
2000-09-16,17.6,89.8,20.6
2000-09-17,23.5,53.9,24.0
2000-09-18,23.6,41.1,23.0
2000-09-19,25.5,43.6,25.1
2000-09-20,27.5,52.6,27.8
2000-09-21,25.7,53.9,26.2
2000-09-22,26.1,52.0,26.4
2000-09-23,25.9,57.0,26.6
2000-09-24,24.3,60.4,25.3
2000-09-25,24.8,45.1,24.6
2000-09-26,25.8,41.3,25.2
2000-09-27,25.6,41.1,25.0
2000-09-28,19.4,61.4,20.5
2000-09-29,26.7,33.8,25.2
2000-09-30,25.3,43.8,24.9
2001-05-01,17.7,58.8,18.7
2001-05-02,20.3,41.5,20.0
2001-05-03,22.0,34.8,21.0
2001-05-04,19.1,48.0,19.3
2001-05-05,23.6,45.0,23.4
2001-05-06,25.3,40.5,24.6
2001-05-07,22.3,45.1,22.2
2001-05-08,27.9,31.3,26.1
2001-05-09,17.8,52.0,18.3
2001-05-10,20.9,34.1,19.9
2001-05-11,21.8,36.8,21.0
2001-05-12,24.4,31.6,22.9
2001-05-13,26.6,29.9,24.7
2001-05-14,27.1,30.3,25.2
2001-05-15,19.0,76.9,21.2
2001-05-16,23.1,31.5,21.7
2001-05-17,27.3,33.7,25.8
2001-05-18,20.1,72.0,21.9
2001-05-19,27.3,36.5,26.1
2001-05-20,28.1,33.6,26.6
2001-05-21,31.5,29.4,29.2
2001-05-22,24.8,45.4,24.6
2001-05-23,29.4,41.5,28.6
2001-05-24,27.7,44.7,27.3
2001-05-25,26.9,38.8,25.9
2001-05-26,25.4,40.5,24.7
2001-05-27,27.0,35.1,25.7
2001-05-28,29.0,33.4,27.3
2001-05-29,30.7,34.7,29.1
2001-05-30,21.5,62.8,22.7
2001-05-31,26.3,35.4,25.0
2001-06-01,22.5,49.4,22.7
2001-06-02,27.0,36.6,25.8
2001-06-03,30.9,33.4,29.1
2001-06-04,30.1,40.5,29.2
2001-06-05,25.3,57.9,26.1
2001-06-06,30.8,35.6,29.3
2001-06-07,32.6,29.8,30.3
2001-06-08,31.3,34.7,29.7
2001-06-09,31.7,39.1,30.5
2001-06-10,32.7,37.1,31.3
2001-06-11,29.6,42.2,28.9
2001-06-12,27.1,40.5,26.3
2001-06-13,22.5,75.5,24.6
2001-06-14,27.4,36.7,26.2
2001-06-15,28.3,33.8,26.8
2001-06-16,24.5,56.4,25.2
2001-06-17,29.3,40.3,28.4
2001-06-18,21.4,90.3,24.5
2001-06-19,26.7,56.3,27.4
2001-06-20,25.3,95.0,28.9
2001-06-21,24.6,65.7,26.0
2001-06-22,25.4,58.0,26.2
2001-06-23,23.5,78.4,25.8
2001-06-24,22.5,74.0,24.5
2001-06-25,28.5,53.3,28.9
2001-06-26,26.6,55.3,27.2
2001-06-27,22.8,87.5,25.7
2001-06-28,26.9,57.8,27.7
2001-06-29,23.0,99.9,26.8
2001-06-30,23.5,75.2,25.6
2001-07-01,29.6,58.9,30.5
2001-07-02,30.9,68.1,32.5
2001-07-03,26.3,80.7,28.9
2001-07-04,30.9,48.0,30.7
2001-07-05,25.3,79.9,27.8
2001-07-06,31.8,51.1,31.9
2001-07-07,31.5,54.9,32.0
2001-07-08,30.9,48.5,30.8
2001-07-09,30.3,51.3,30.5
2001-07-10,23.9,70.8,25.7
2001-07-11,30.3,57.4,31.0
2001-07-12,31.6,54.8,32.0
2001-07-13,31.4,43.4,30.8
2001-07-14,28.9,69.1,30.6
2001-07-15,26.7,74.7,28.8
2001-07-16,30.0,56.9,30.7
2001-07-17,32.4,37.8,31.1
2001-07-18,31.4,49.0,31.3
2001-07-19,31.3,54.1,31.7
2001-07-20,30.4,67.9,32.0
2001-07-21,27.2,87.7,30.3
2001-07-22,26.9,90.1,30.2
2001-07-23,30.3,60.8,31.3
2001-07-24,29.0,59.1,29.9
2001-07-25,32.1,57.8,32.8
2001-07-26,32.8,56.3,33.4
2001-07-27,31.3,58.2,32.1
2001-07-28,31.5,61.4,32.6
2001-07-29,27.8,74.8,30.0
2001-07-30,26.6,88.2,29.7
2001-07-31,30.0,72.2,31.9
2001-08-01,30.8,74.8,33.0
2001-08-02,35.2,51.4,35.3
2001-08-03,32.5,61.7,33.6
2001-08-04,37.3,51.4,37.4
2001-08-05,31.5,53.6,31.8
2001-08-06,32.9,62.1,34.1
2001-08-07,31.4,69.1,33.2
2001-08-08,30.2,68.7,31.9
2001-08-09,30.3,49.1,30.2
2001-08-10,30.5,57.6,31.2
2001-08-11,29.0,54.6,29.5
2001-08-12,26.3,62.1,27.4
2001-08-13,23.2,81.6,25.7
2001-08-14,29.6,71.7,31.5
2001-08-15,29.8,76.2,32.1
2001-08-16,33.8,58.6,34.6
2001-08-17,35.7,47.8,35.4
2001-08-18,33.0,49.2,32.9
2001-08-19,32.0,55.8,32.6
2001-08-20,32.3,51.9,32.5
2001-08-21,31.7,59.0,32.6
2001-08-22,31.7,55.5,32.2
2001-08-23,30.7,50.9,30.8
2001-08-24,31.3,45.0,30.8
2001-08-25,29.2,52.9,29.5
2001-08-26,30.7,47.2,30.5
2001-08-27,32.0,35.8,30.5
2001-08-28,31.3,37.8,30.1
2001-08-29,28.3,52.7,28.6
2001-08-30,29.7,44.4,29.2
2001-08-31,30.1,52.6,30.4
2001-09-01,31.7,36.6,30.3
2001-09-02,31.8,36.8,30.4
2001-09-03,32.7,37.8,31.4
2001-09-04,29.9,51.4,30.1
2001-09-05,29.4,51.1,29.6
2001-09-06,28.7,59.4,29.6
2001-09-07,29.5,51.2,29.7
2001-09-08,29.5,52.9,29.8
2001-09-09,27.9,60.2,28.8
2001-09-10,34.8,47.1,34.4
2001-09-11,28.0,40.8,27.2
2001-09-12,27.3,40.1,26.5
2001-09-13,28.0,41.6,27.3
2001-09-14,25.6,54.8,26.2
2001-09-15,30.6,29.4,28.4
2001-09-16,30.6,42.7,29.9
2001-09-17,27.6,55.7,28.2
2001-09-18,27.2,44.5,26.8
2001-09-19,26.8,43.6,26.3
2001-09-20,25.4,50.1,25.6
2001-09-21,24.0,45.0,23.8
2001-09-22,24.2,25.7,22.1
2001-09-23,24.6,39.0,23.8
2001-09-24,24.7,45.5,24.5
2001-09-25,27.2,37.9,26.2
2001-09-26,26.0,39.3,25.2
2001-09-27,26.8,27.7,24.7
2001-09-28,27.5,32.4,25.9
2001-09-29,24.3,40.3,23.6
2001-09-30,19.8,55.3,20.5
2003-05-01,21.8,45.2,21.7
2003-05-02,20.0,35.8,19.2
2003-05-03,24.3,31.4,22.8
2003-05-04,27.4,30.8,25.6
2003-05-05,28.6,28.3,26.4
2003-05-06,22.3,47.2,22.3
2003-05-07,18.4,95.8,21.8
2003-05-08,19.2,33.0,18.2
2003-05-09,19.5,44.0,19.4
2003-05-10,22.4,31.7,21.0
2003-05-11,23.2,36.6,22.3
2003-05-12,24.4,36.4,23.4
2003-05-13,28.1,32.6,26.4
2003-05-14,29.0,30.9,27.1
2003-05-15,26.4,36.9,25.3
2003-05-16,25.8,39.5,25.0
2003-05-17,24.3,46.5,24.2
2003-05-18,23.4,43.8,23.1
2003-05-19,24.2,46.5,24.1
2003-05-20,22.8,49.2,23.0
2003-05-21,25.6,47.1,25.5
2003-05-22,27.3,42.6,26.7
2003-05-23,26.2,41.9,25.6
2003-05-24,24.9,49.5,25.0
2003-05-25,19.8,69.7,21.5
2003-05-26,27.7,39.5,26.8
2003-05-27,29.5,41.5,28.7
2003-05-28,30.3,28.7,28.0
2003-05-29,24.0,61.4,25.1
2003-05-30,25.1,61.1,26.2
2003-05-31,30.3,33.5,28.6
2003-06-01,28.4,36.3,27.1
2003-06-02,27.9,26.9,25.6
2003-06-03,27.3,29.0,25.3
2003-06-04,27.9,29.8,25.9
2003-06-05,29.5,33.8,27.9
2003-06-06,23.1,50.9,23.4
2003-06-07,26.2,39.6,25.4
2003-06-08,30.6,34.4,29.0
2003-06-09,31.0,29.9,28.8
2003-06-10,24.6,56.6,25.3
2003-06-11,23.8,59.2,24.7
2003-06-12,21.0,87.8,23.9
2003-06-13,22.4,63.6,23.7
2003-06-14,22.6,65.3,24.0
2003-06-15,19.3,83.3,21.9
2003-06-16,25.5,58.4,26.3
2003-06-17,27.0,53.1,27.4
2003-06-18,27.3,51.7,27.6
2003-06-19,26.8,57.6,27.6
2003-06-20,25.5,57.0,26.2
2003-06-21,27.7,60.3,28.7
2003-06-22,30.4,48.5,30.3
2003-06-23,23.7,81.6,26.3
2003-06-24,18.8,86.7,21.6
2003-06-25,23.1,73.0,25.0
2003-06-26,27.4,51.9,27.7
2003-06-27,22.2,83.3,24.9
2003-06-28,28.0,51.5,28.2
2003-06-29,20.2,91.5,23.4
2003-06-30,28.2,53.5,28.6
2003-07-01,27.7,61.1,28.7
2003-07-02,30.6,46.5,30.3
2003-07-03,23.1,90.6,26.3
2003-07-04,24.7,62.8,25.9
2003-07-05,30.4,50.2,30.5
2003-07-06,27.0,67.7,28.6
2003-07-07,28.8,55.4,29.4
2003-07-08,28.4,61.5,29.5
2003-07-09,25.2,73.9,27.2
2003-07-10,26.4,66.2,27.9
2003-07-11,30.8,44.5,30.3
2003-07-12,25.4,72.4,27.3
2003-07-13,29.7,42.2,29.0
2003-07-14,27.7,48.5,27.7
2003-07-15,29.5,49.0,29.5
2003-07-16,29.0,54.2,29.4
2003-07-17,27.7,61.6,28.8
2003-07-18,22.2,86.3,25.1
2003-07-19,21.5,83.8,24.2
2003-07-20,28.9,60.9,29.9
2003-07-21,29.3,65.5,30.7
2003-07-22,25.0,87.3,28.0
2003-07-23,25.8,70.2,27.5
2003-07-24,29.2,59.5,30.1
2003-07-25,30.4,52.6,30.7
2003-07-26,28.7,58.8,29.5
2003-07-27,24.7,69.0,26.3
2003-07-28,24.1,73.4,26.1
2003-07-29,29.1,65.9,30.5
2003-07-30,31.3,53.1,31.6
2003-07-31,30.4,57.6,31.2
2003-08-01,28.9,64.8,30.3
2003-08-02,29.0,61.5,30.1
2003-08-03,26.7,82.3,29.4
2003-08-04,29.5,68.5,31.2
2003-08-05,32.1,53.7,32.5
2003-08-06,27.4,70.1,29.2
2003-08-07,23.8,85.8,26.7
2003-08-08,30.0,54.7,30.5
2003-08-09,31.6,49.1,31.5
2003-08-10,27.2,66.5,28.7
2003-08-11,28.1,58.4,28.9
2003-08-12,30.0,38.7,28.9
2003-08-13,29.2,42.4,28.5
2003-08-14,29.4,43.3,28.8
2003-08-15,29.8,40.5,28.9
2003-08-16,26.2,58.2,27.0
2003-08-17,25.1,62.8,26.3
2003-08-18,23.0,76.0,25.2
2003-08-19,22.3,95.2,25.7
2003-08-20,27.6,75.7,29.8
2003-08-21,29.5,71.8,31.4
2003-08-22,29.9,65.3,31.3
2003-08-23,25.6,84.0,28.4
2003-08-24,24.8,89.7,28.0
2003-08-25,30.2,57.5,30.9
2003-08-26,26.8,71.7,28.7
2003-08-27,23.2,86.5,26.1
2003-08-28,29.0,58.0,29.8
2003-08-29,25.1,65.6,26.5
2003-08-30,23.8,74.8,25.9
2003-08-31,25.7,56.2,26.4
2003-09-01,25.4,64.1,26.7
2003-09-02,21.9,80.8,24.4
2003-09-03,24.0,67.5,25.6
2003-09-04,25.9,61.6,27.0
2003-09-05,24.6,88.3,27.7
2003-09-06,25.6,65.6,27.0
2003-09-07,22.4,89.6,25.5
2003-09-08,28.6,48.7,28.6
2003-09-09,22.6,80.2,25.1
2003-09-10,25.0,56.3,25.7
2003-09-11,24.6,67.2,26.1
2003-09-12,22.4,86.5,25.3
2003-09-13,24.9,70.5,26.7
2003-09-14,25.7,60.7,26.7
2003-09-15,27.6,48.9,27.6
2003-09-16,27.0,55.5,27.6
2003-09-17,27.1,63.8,28.4
2003-09-18,22.7,94.8,26.2
2003-09-19,24.9,55.0,25.5
2003-09-20,25.3,37.3,24.3
2003-09-21,24.0,43.8,23.7
2003-09-22,24.2,32.1,22.8
2003-09-23,23.2,35.3,22.2
2003-09-24,22.9,44.6,22.7
2003-09-25,25.5,47.0,25.4
2003-09-26,25.6,46.2,25.4
2003-09-27,25.9,41.1,25.2
2003-09-28,25.0,44.5,24.7
2003-09-29,25.1,42.6,24.6
2003-09-30,23.8,50.7,24.1
2004-05-01,25.6,36.0,24.5
2004-05-02,19.9,61.8,21.1
2004-05-03,17.1,91.4,20.2
2004-05-04,20.4,33.3,19.3
2004-05-05,21.6,36.4,20.8
2004-05-06,21.4,38.0,20.7
2004-05-07,23.9,26.5,21.9
2004-05-08,21.2,44.6,21.1
2004-05-09,17.9,64.8,19.3
2004-05-10,15.7,97.2,19.1
2004-05-11,22.5,57.5,23.3
2004-05-12,18.6,78.1,20.9
2004-05-13,19.2,63.7,20.5
2004-05-14,25.8,47.1,25.7
2004-05-15,18.6,71.2,20.4
2004-05-16,21.5,55.4,22.1
2004-05-17,17.8,62.3,19.0
2004-05-18,21.1,64.6,22.4
2004-05-19,24.2,47.9,24.2
2004-05-20,22.4,58.9,23.3
2004-05-21,21.2,44.7,21.1
2004-05-22,23.1,30.6,21.6
2004-05-23,22.0,41.8,21.6
2004-05-24,24.9,34.6,23.7
2004-05-25,25.8,26.8,23.7
2004-05-26,24.3,32.2,22.9
2004-05-27,27.6,40.3,26.8
2004-05-28,21.1,95.8,24.6
2004-05-29,24.8,62.9,26.0
2004-05-30,26.7,52.2,27.0
2004-05-31,25.4,32.1,23.9
2004-06-01,25.6,99.9,29.5
2004-06-02,30.4,30.0,28.3
2004-06-03,32.4,32.1,30.4
2004-06-04,30.9,37.1,29.6
2004-06-05,30.7,25.6,28.0
2004-06-06,24.5,52.6,24.9
2004-06-07,24.6,49.2,24.7
2004-06-08,22.3,60.6,23.4
2004-06-09,25.2,46.0,25.0
2004-06-10,28.9,49.2,28.9
2004-06-11,30.0,47.5,29.8
2004-06-12,30.6,29.1,28.3
2004-06-13,27.9,47.7,27.8
2004-06-14,29.0,25.4,26.4
2004-06-15,31.2,27.4,28.7
2004-06-16,30.9,29.5,28.6
2004-06-17,24.5,55.2,25.1
2004-06-18,23.9,76.2,26.1
2004-06-19,22.7,87.0,25.6
2004-06-20,23.5,90.7,26.7
2004-06-21,26.7,67.6,28.3
2004-06-22,24.9,70.1,26.7
2004-06-23,27.0,66.4,28.5
2004-06-24,30.1,52.7,30.4
2004-06-25,29.4,50.0,29.5
2004-06-26,28.4,59.3,29.3
2004-06-27,28.6,59.2,29.5
2004-06-28,25.9,67.5,27.4
2004-06-29,24.5,66.7,26.0
2004-06-30,29.0,59.1,29.9
2004-07-01,26.8,64.3,28.1
2004-07-02,23.8,93.4,27.2
2004-07-03,26.6,80.1,29.1
2004-07-04,22.8,89.9,25.9
2004-07-05,26.3,66.4,27.8
2004-07-06,26.3,79.7,28.8
2004-07-07,22.1,97.2,25.7
2004-07-08,23.4,80.5,25.9
2004-07-09,27.3,62.5,28.5
2004-07-10,28.9,56.4,29.5
2004-07-11,27.7,60.5,28.7
2004-07-12,23.1,96.5,26.7
2004-07-13,22.9,97.6,26.5
2004-07-14,27.5,71.6,29.4
2004-07-15,23.5,92.3,26.8
2004-07-16,24.6,93.2,28.0
2004-07-17,23.1,97.2,26.7
2004-07-18,28.2,76.5,30.5
2004-07-19,28.4,75.2,30.6
2004-07-20,26.8,85.1,29.7
2004-07-21,31.7,64.6,33.1
2004-07-22,31.9,60.3,32.9
2004-07-23,33.0,49.4,32.9
2004-07-24,30.9,54.6,31.4
2004-07-25,28.0,66.7,29.5
2004-07-26,29.3,66.9,30.8
2004-07-27,30.3,60.6,31.3
2004-07-28,32.7,54.7,33.2
2004-07-29,33.3,54.4,33.7
2004-07-30,33.4,53.4,33.7
2004-07-31,34.3,55.4,34.8
2004-08-01,34.2,45.4,33.7
2004-08-02,33.1,51.1,33.2
2004-08-03,32.7,51.9,32.9
2004-08-04,32.7,55.8,33.3
2004-08-05,32.2,58.3,33.0
2004-08-06,32.5,55.8,33.1
2004-08-07,32.4,55.0,32.9
2004-08-08,31.8,58.3,32.6
2004-08-09,32.9,55.8,33.5
2004-08-10,36.0,43.6,35.2
2004-08-11,35.2,32.0,33.0
2004-08-12,34.6,39.1,33.3
2004-08-13,32.5,51.8,32.7
2004-08-14,27.0,78.7,29.4
2004-08-15,30.8,48.5,30.7
2004-08-16,28.9,64.4,30.2
2004-08-17,26.2,80.6,28.8
2004-08-18,24.9,94.2,28.4
2004-08-19,25.4,60.1,26.4
2004-08-20,26.8,60.4,27.8
2004-08-21,25.5,70.7,27.3
2004-08-22,25.2,70.2,27.0
2004-08-23,25.9,61.1,27.0
2004-08-24,29.3,50.9,29.5
2004-08-25,27.5,65.2,28.8
2004-08-26,28.4,58.3,29.2
2004-08-27,28.4,58.9,29.3
2004-08-28,26.4,57.4,27.2
2004-08-29,29.7,55.7,30.3
2004-08-30,31.5,53.8,31.9
2004-08-31,29.4,50.4,29.5
2004-09-01,29.0,34.9,27.5
2004-09-02,28.2,42.9,27.6
2004-09-03,27.9,39.8,27.0
2004-09-04,29.8,42.1,29.1
2004-09-05,31.3,37.8,30.1
2004-09-06,29.7,45.1,29.3
2004-09-07,24.2,61.3,25.3
2004-09-08,27.2,47.3,27.0
2004-09-09,28.6,40.5,27.7
2004-09-10,26.8,41.3,26.1
2004-09-11,20.5,52.7,21.0
2004-09-12,23.5,86.2,26.4
2004-09-13,24.1,68.6,25.7
2004-09-14,28.6,53.4,29.0
2004-09-15,28.2,58.7,29.1
2004-09-16,27.0,65.7,28.4
2004-09-17,28.7,59.8,29.6
2004-09-18,23.8,83.1,26.5
2004-09-19,25.4,37.3,24.4
2004-09-20,20.5,49.7,20.8
2004-09-21,20.2,71.1,22.0
2004-09-22,24.0,50.9,24.3
2004-09-23,25.0,49.3,25.1
2004-09-24,26.8,43.5,26.3
2004-09-25,26.3,40.3,25.5
2004-09-26,23.5,53.0,24.0
2004-09-27,26.0,46.2,25.8
2004-09-28,25.2,55.2,25.8
2004-09-29,26.7,45.2,26.4
2004-09-30,26.2,50.2,26.4
2005-05-01,25.4,54.3,25.9
2005-05-02,24.3,14.8,20.8
2005-05-03,26.4,13.7,22.4
2005-05-04,27.7,13.9,23.5
2005-05-05,26.6,36.5,25.5
2005-05-06,13.4,93.4,16.5
2005-05-07,19.8,45.7,19.8
2005-05-08,15.6,68.5,17.2
2005-05-09,17.5,37.6,17.0
2005-05-10,19.4,33.7,18.5
2005-05-11,16.0,53.6,16.7
2005-05-12,19.5,42.8,19.3
2005-05-13,23.4,29.5,21.8
2005-05-14,20.6,51.0,21.0
2005-05-15,25.3,40.4,24.6
2005-05-16,25.4,34.3,24.1
2005-05-17,23.2,52.0,23.5
2005-05-18,17.9,95.8,21.2
2005-05-19,22.6,46.2,22.5
2005-05-20,24.4,30.6,22.8
2005-05-21,22.9,22.7,20.6
2005-05-22,18.5,44.5,18.5
2005-05-23,20.1,49.2,20.4
2005-05-24,23.4,34.5,22.3
2005-05-25,24.0,35.3,22.9
2005-05-26,30.3,42.6,29.6
2005-05-27,26.4,35.8,25.2
2005-05-28,27.7,30.5,25.8
2005-05-29,29.7,28.5,27.4
2005-05-30,26.6,29.3,24.7
2005-05-31,26.6,23.0,23.9
2005-06-01,24.0,50.8,24.3
2005-06-02,22.0,63.4,23.3
2005-06-03,22.3,55.5,23.0
2005-06-04,23.6,55.9,24.3
2005-06-05,29.1,35.9,27.7
2005-06-06,27.0,41.1,26.3
2005-06-07,24.9,50.9,25.2
2005-06-08,27.8,43.5,27.3
2005-06-09,27.8,40.5,27.0
2005-06-10,23.1,67.2,24.6
2005-06-11,26.6,49.6,26.7
2005-06-12,27.4,46.6,27.2
2005-06-13,31.3,33.6,29.6
2005-06-14,31.9,34.7,30.3
2005-06-15,24.4,53.5,24.8
2005-06-16,25.1,54.0,25.6
2005-06-17,26.3,50.6,26.5
2005-06-18,27.2,52.8,27.5
2005-06-19,29.1,43.2,28.5
2005-06-20,28.9,51.7,29.1
2005-06-21,29.1,47.0,28.9
2005-06-22,29.2,48.1,29.1
2005-06-23,30.6,44.4,30.1
2005-06-24,31.7,46.6,31.3
2005-06-25,29.2,49.5,29.2
2005-06-26,29.1,57.0,29.8
2005-06-27,24.1,96.1,27.7
2005-06-28,28.0,55.3,28.5
2005-06-29,24.4,92.7,27.8
2005-06-30,31.1,52.8,31.4
2005-07-01,26.5,66.9,28.0
2005-07-02,26.1,80.3,28.6
2005-07-03,23.5,93.7,26.9
2005-07-04,28.7,56.5,29.4
2005-07-05,26.2,65.8,27.6
2005-07-06,28.2,60.4,29.2
2005-07-07,28.2,59.3,29.1
2005-07-08,28.8,59.1,29.7
2005-07-09,23.7,80.9,26.2
2005-07-10,26.1,68.7,27.8
2005-07-11,23.4,83.3,26.0
2005-07-12,27.0,57.9,27.8
2005-07-13,25.7,73.1,27.7
2005-07-14,29.1,59.2,30.0
2005-07-15,29.8,58.0,30.6
2005-07-16,29.1,64.9,30.5
2005-07-17,26.4,75.7,28.6
2005-07-18,31.1,56.5,31.7
2005-07-19,30.6,61.3,31.7
2005-07-20,31.6,60.2,32.6
2005-07-21,32.4,56.3,33.0
2005-07-22,34.2,54.1,34.6
2005-07-23,33.8,54.8,34.3
2005-07-24,33.3,55.7,33.8
2005-07-25,30.7,63.1,31.9
2005-07-26,32.1,52.5,32.4
2005-07-27,29.4,65.6,30.8
2005-07-28,25.9,79.8,28.4
2005-07-29,28.4,63.5,29.6
2005-07-30,29.4,60.3,30.4
2005-07-31,30.2,58.9,31.1
2005-08-01,26.9,76.9,29.2
2005-08-02,29.0,72.7,31.0
2005-08-03,27.8,70.2,29.6
2005-08-04,32.3,56.2,32.9
2005-08-05,33.9,53.4,34.2
2005-08-06,34.2,52.0,34.4
2005-08-07,30.1,61.6,31.2
2005-08-08,30.2,65.3,31.6
2005-08-09,29.1,63.8,30.4
2005-08-10,27.9,79.2,30.4
2005-08-11,26.8,84.2,29.6
2005-08-12,26.9,82.2,29.6
2005-08-13,29.9,66.3,31.4
2005-08-14,31.0,60.5,32.0
2005-08-15,31.4,61.5,32.5
2005-08-16,32.9,52.5,33.2
2005-08-17,32.3,60.7,33.3
2005-08-18,30.0,62.4,31.2
2005-08-19,22.8,88.3,25.8
2005-08-20,28.2,54.4,28.7
2005-08-21,28.3,52.2,28.6
2005-08-22,26.0,59.7,27.0
2005-08-23,29.2,38.2,28.1
2005-08-24,23.4,54.4,24.0
2005-08-25,18.4,93.8,21.7
2005-08-26,25.3,61.6,26.4
2005-08-27,27.9,60.2,28.8
2005-08-28,27.3,59.0,28.2
2005-08-29,29.0,52.7,29.3
2005-08-30,28.0,59.3,28.9
2005-08-31,31.1,48.6,31.0
2005-09-01,30.0,64.7,31.4
2005-09-02,27.5,72.6,29.5
2005-09-03,26.5,57.5,27.3
2005-09-04,25.9,54.3,26.4
2005-09-05,27.3,39.0,26.4
2005-09-06,25.8,46.1,25.6
2005-09-07,27.8,48.1,27.7
2005-09-08,28.3,53.4,28.7
2005-09-09,23.8,75.9,25.9
2005-09-10,28.2,58.7,29.1
2005-09-11,30.6,48.6,30.5
2005-09-12,29.0,57.5,29.7
2005-09-13,24.4,79.1,26.8
2005-09-14,24.7,56.2,25.4
2005-09-15,26.8,40.9,26.1
2005-09-16,26.6,53.2,27.0
2005-09-17,23.5,87.8,26.5
2005-09-18,26.9,60.4,27.9
2005-09-19,22.0,79.6,24.4
2005-09-20,23.4,60.3,24.4
2005-09-21,20.6,72.6,22.5
2005-09-22,19.0,80.5,21.4
2005-09-23,23.1,60.4,24.1
2005-09-24,25.7,50.4,25.9
2005-09-25,24.8,47.6,24.8
2005-09-26,25.6,43.6,25.2
2005-09-27,26.0,41.9,25.4
2005-09-28,26.5,41.1,25.8
2005-09-29,25.1,38.8,24.3
2005-09-30,20.1,95.5,23.5
2006-05-01,21.9,48.6,22.0
2006-05-02,23.6,22.7,21.2
2006-05-03,20.9,34.8,20.0
2006-05-04,24.5,25.2,22.3
2006-05-05,23.6,56.2,24.3
2006-05-06,18.9,84.9,21.6
2006-05-07,26.5,42.5,25.9
2006-05-08,26.5,36.9,25.4
2006-05-09,27.4,36.1,26.1
2006-05-10,20.2,74.8,22.2
2006-05-11,23.3,34.1,22.1
2006-05-12,17.7,58.9,18.7
2006-05-13,18.9,36.6,18.3
2006-05-14,21.1,32.7,20.0
2006-05-15,23.5,28.5,21.7
2006-05-16,24.6,23.5,22.2
2006-05-17,24.6,28.8,22.8
2006-05-18,24.8,33.3,23.5
2006-05-19,19.8,58.0,20.7
2006-05-20,24.6,40.9,24.0
2006-05-21,28.3,43.3,27.8
2006-05-22,20.9,79.7,23.3
2006-05-23,20.1,65.7,21.5
2006-05-24,23.8,47.6,23.8
2006-05-25,21.1,45.8,21.1
2006-05-26,27.0,29.3,25.1
2006-05-27,21.2,52.7,21.7
2006-05-28,22.2,47.9,22.3
2006-05-29,22.8,54.0,23.3
2006-05-30,25.4,41.5,24.8
2006-05-31,26.8,31.7,25.1
2006-06-01,28.0,35.4,26.7
2006-06-02,31.4,38.2,30.2
2006-06-03,29.7,27.5,27.3
2006-06-04,26.2,40.7,25.5
2006-06-05,25.9,46.1,25.7
2006-06-06,27.2,42.7,26.6
2006-06-07,26.5,37.9,25.5
2006-06-08,23.6,63.3,24.8
2006-06-09,26.2,37.6,25.2
2006-06-10,20.3,68.0,21.9
2006-06-11,17.6,82.3,20.1
2006-06-12,28.3,32.8,26.7
2006-06-13,28.5,44.6,28.1
2006-06-14,21.3,75.8,23.4
2006-06-15,22.8,61.0,23.9
2006-06-16,26.5,31.8,24.9
2006-06-17,26.4,40.1,25.6
2006-06-18,26.9,50.2,27.0
2006-06-19,28.6,42.9,28.0
2006-06-20,26.2,45.3,25.9
2006-06-21,19.7,92.9,22.9
2006-06-22,28.6,54.5,29.0
2006-06-23,29.3,51.2,29.5
2006-06-24,28.4,53.2,28.8
2006-06-25,29.2,44.4,28.7
2006-06-26,22.8,85.3,25.6
2006-06-27,24.3,73.7,26.3
2006-06-28,27.6,62.8,28.8
2006-06-29,29.3,59.2,30.2
2006-06-30,26.9,70.4,28.7
2006-07-01,24.7,76.0,26.9
2006-07-02,26.7,58.9,27.6
2006-07-03,28.5,56.2,29.1
2006-07-04,23.9,81.5,26.5
2006-07-05,24.4,63.4,25.7
2006-07-06,23.5,70.3,25.3
2006-07-07,26.8,64.1,28.1
2006-07-08,29.0,55.6,29.6
2006-07-09,28.8,61.5,29.9
2006-07-10,26.1,71.5,28.0
2006-07-11,28.7,58.4,29.5
2006-07-12,25.1,90.4,28.3
2006-07-13,27.3,81.8,30.0
2006-07-14,29.3,70.1,31.1
2006-07-15,27.2,77.3,29.5
2006-07-16,21.3,96.2,24.8
2006-07-17,20.4,88.3,23.4
2006-07-18,20.7,92.8,23.9
2006-07-19,24.3,72.5,26.2
2006-07-20,24.7,63.3,25.9
2006-07-21,26.7,59.2,27.6
2006-07-22,27.3,60.0,28.3
2006-07-23,28.0,54.0,28.4
2006-07-24,26.6,59.6,27.5
2006-07-25,28.2,57.2,28.9
2006-07-26,24.6,74.8,26.7
2006-07-27,22.0,89.4,25.1
2006-07-28,23.3,89.0,26.4
2006-07-29,27.1,79.4,29.6
2006-07-30,29.8,64.1,31.1
2006-07-31,30.0,64.3,31.3
2006-08-01,31.8,51.7,32.0
2006-08-02,32.1,53.7,32.5
2006-08-03,33.2,52.3,33.4
2006-08-04,34.6,43.4,33.8
2006-08-05,32.6,59.7,33.5
2006-08-06,32.3,55.0,32.8
2006-08-07,31.8,55.3,32.3
2006-08-08,34.2,49.4,34.1
2006-08-09,34.2,50.7,34.2
2006-08-10,33.2,47.1,32.9
2006-08-11,30.1,53.9,30.5
2006-08-12,32.8,46.3,32.4
2006-08-13,33.3,48.9,33.2
2006-08-14,33.4,54.1,33.8
2006-08-15,32.3,61.0,33.3
2006-08-16,31.6,66.1,33.1
2006-08-17,30.8,55.8,31.4
2006-08-18,30.8,40.3,29.9
2006-08-19,29.5,41.1,28.7
2006-08-20,26.5,60.1,27.5
2006-08-21,30.4,53.7,30.8
2006-08-22,31.6,57.8,32.4
2006-08-23,30.6,55.4,31.2
2006-08-24,30.6,53.7,31.0
2006-08-25,29.0,67.8,30.6
2006-08-26,31.3,57.1,32.0
2006-08-27,25.4,83.9,28.2
2006-08-28,29.6,51.7,29.8
2006-08-29,25.8,74.1,27.9
2006-08-30,29.4,51.0,29.6
2006-08-31,29.4,48.4,29.3
2006-09-01,28.8,37.9,27.7
2006-09-02,30.4,41.8,29.6
2006-09-03,30.3,41.9,29.5
2006-09-04,25.0,66.7,26.5
2006-09-05,26.3,44.3,25.9
2006-09-06,25.1,44.3,24.8
2006-09-07,28.0,32.2,26.3
2006-09-08,25.3,53.2,25.7
2006-09-09,22.0,72.6,23.9
2006-09-10,19.9,32.7,18.9
2006-09-11,21.3,47.5,21.4
2006-09-12,25.2,40.1,24.5
2006-09-13,27.2,28.2,25.1
2006-09-14,26.9,26.8,24.7
2006-09-15,24.4,49.1,24.5
2006-09-16,24.8,51.9,25.1
2006-09-17,22.9,40.2,22.3
2006-09-18,19.9,58.7,20.9
2006-09-19,26.0,56.5,26.7
2006-09-20,26.1,49.7,26.2
2006-09-21,28.5,35.2,27.1
2006-09-22,27.6,44.7,27.2
2006-09-23,26.5,25.1,24.1
2006-09-24,26.9,28.8,24.9
2006-09-25,26.3,25.7,24.0
2006-09-26,27.1,25.2,24.7
2006-09-27,27.1,33.9,25.7
2006-09-28,23.1,62.8,24.3
2006-09-29,25.6,30.6,23.9
2006-09-30,24.9,41.7,24.3
2007-05-01,16.6,70.9,18.4
2007-05-02,20.7,43.4,20.5
2007-05-03,19.4,57.7,20.3
2007-05-04,21.6,52.7,22.1
2007-05-05,26.1,34.8,24.8
2007-05-06,24.9,37.0,23.9
2007-05-07,26.1,25.7,23.8
2007-05-08,25.6,39.7,24.8
2007-05-09,22.3,30.9,20.9
2007-05-10,22.7,34.6,21.6
2007-05-11,24.8,29.2,23.0
2007-05-12,18.6,38.0,18.1
2007-05-13,22.9,28.9,21.2
2007-05-14,20.7,51.9,21.1
2007-05-15,24.8,30.6,23.2
2007-05-16,21.8,56.0,22.5
2007-05-17,24.0,33.1,22.7
2007-05-18,18.9,50.1,19.3
2007-05-19,20.0,55.8,20.7
2007-05-20,22.9,43.2,22.6
2007-05-21,24.0,20.5,21.3
2007-05-22,25.9,38.8,25.0
2007-05-23,25.6,30.1,23.9
2007-05-24,22.2,67.1,23.7
2007-05-25,22.7,63.4,23.9
2007-05-26,25.7,22.5,23.1
2007-05-27,30.1,30.0,28.0
2007-05-28,27.4,36.5,26.2
2007-05-29,20.5,68.4,22.1
2007-05-30,24.6,46.7,24.5
2007-05-31,27.2,34.6,25.8
2007-06-01,22.3,57.1,23.1
2007-06-02,28.4,37.4,27.3
2007-06-03,29.4,33.0,27.7
2007-06-04,25.8,48.1,25.8
2007-06-05,21.5,66.9,23.0
2007-06-06,24.9,50.1,25.0
2007-06-07,21.8,66.3,23.3
2007-06-08,23.9,53.6,24.4
2007-06-09,25.7,38.0,24.7
2007-06-10,30.5,33.7,28.8
2007-06-11,30.0,32.4,28.2
2007-06-12,29.5,35.6,28.1
2007-06-13,29.3,31.9,27.5
2007-06-14,28.1,37.6,27.0
2007-06-15,28.2,27.1,25.9
2007-06-16,32.2,16.9,27.9
2007-06-17,30.5,20.9,27.1
2007-06-18,32.8,26.1,29.9
2007-06-19,32.2,34.7,30.5
2007-06-20,28.0,51.8,28.2
2007-06-21,23.2,75.9,25.4
2007-06-22,31.7,41.7,30.9
2007-06-23,29.5,51.1,29.7
2007-06-24,24.3,65.0,25.7
2007-06-25,25.2,68.7,26.8
2007-06-26,30.4,50.3,30.5
2007-06-27,30.5,47.6,30.3
2007-06-28,27.3,75.6,29.5
2007-06-29,23.8,93.8,27.2
2007-06-30,28.5,57.7,29.3
2007-07-01,23.1,75.5,25.2
2007-07-02,22.9,80.8,25.4
2007-07-03,27.4,62.1,28.5
2007-07-04,25.4,72.1,27.3
2007-07-05,25.0,76.2,27.2
2007-07-06,31.1,43.7,30.5
2007-07-07,30.8,52.0,31.0
2007-07-08,30.1,55.2,30.6
2007-07-09,30.4,44.4,29.9
2007-07-10,25.0,61.6,26.1
2007-07-11,20.4,94.5,23.7
2007-07-12,27.9,51.4,28.1
2007-07-13,30.5,50.0,30.5
2007-07-14,27.9,47.7,27.8
2007-07-15,29.0,45.6,28.7
2007-07-16,25.3,61.6,26.4
2007-07-17,27.7,55.1,28.3
2007-07-18,30.8,50.5,30.9
2007-07-19,26.9,70.4,28.7
2007-07-20,29.6,62.7,30.8
2007-07-21,26.2,81.9,28.8
2007-07-22,29.8,50.1,29.8
2007-07-23,29.4,56.7,30.0
2007-07-24,26.7,75.2,28.9
2007-07-25,26.7,73.5,28.7
2007-07-26,31.2,60.2,32.2
2007-07-27,29.6,64.2,30.9
2007-07-28,26.3,80.7,28.9
2007-07-29,27.1,66.8,28.6
2007-07-30,30.4,58.8,31.3
2007-07-31,29.9,55.6,30.5
2007-08-01,30.0,66.1,31.5
2007-08-02,29.8,75.1,32.0
2007-08-03,32.2,54.2,32.6
2007-08-04,26.1,83.4,28.9
2007-08-05,27.4,71.2,29.3
2007-08-06,29.4,53.4,29.8
2007-08-07,25.3,85.5,28.2
2007-08-08,27.8,80.7,30.4
2007-08-09,29.1,75.2,31.3
2007-08-10,31.0,59.3,31.9
2007-08-11,33.0,52.8,33.3
2007-08-12,27.9,70.2,29.7
2007-08-13,30.0,66.4,31.5
2007-08-14,28.6,76.6,30.9
2007-08-15,29.5,69.7,31.3
2007-08-16,30.7,66.0,32.2
2007-08-17,32.1,52.7,32.4
2007-08-18,31.3,55.4,31.8
2007-08-19,31.0,57.3,31.7
2007-08-20,30.8,56.9,31.5
2007-08-21,29.3,74.1,31.4
2007-08-22,31.8,49.1,31.7
2007-08-23,32.1,45.1,31.6
2007-08-24,31.8,48.3,31.6
2007-08-25,33.0,53.3,33.3
2007-08-26,32.2,52.6,32.5
2007-08-27,29.9,67.2,31.5
2007-08-28,30.9,51.9,31.1
2007-08-29,26.4,61.8,27.5
2007-08-30,25.6,55.2,26.2
2007-08-31,27.1,51.6,27.4
2007-09-01,23.3,71.2,25.1
2007-09-02,22.6,73.4,24.6
2007-09-03,27.6,53.8,28.0
2007-09-04,25.0,60.2,26.0
2007-09-05,24.1,60.0,25.1
2007-09-06,19.9,71.5,21.7
2007-09-07,26.4,55.0,26.9
2007-09-08,26.0,48.4,26.0
2007-09-09,27.3,42.4,26.7
2007-09-10,28.2,58.5,29.0
2007-09-11,28.0,51.3,28.2
2007-09-12,28.6,54.6,29.1
2007-09-13,27.7,57.2,28.4
2007-09-14,26.8,53.9,27.3
2007-09-15,23.2,77.7,25.5
2007-09-16,24.2,63.2,25.4
2007-09-17,27.8,50.9,28.0
2007-09-18,21.8,82.5,24.4
2007-09-19,26.7,70.7,28.5
2007-09-20,31.0,56.7,31.6
2007-09-21,24.0,91.9,27.3
2007-09-22,21.7,77.9,24.0
2007-09-23,25.0,56.7,25.7
2007-09-24,26.8,56.8,27.5
2007-09-25,27.3,52.7,27.6
2007-09-26,26.2,55.8,26.8
2007-09-27,23.5,77.8,25.8
2007-09-28,18.4,91.3,21.5
2007-09-29,21.3,60.0,22.3
2007-09-30,18.6,81.8,21.1
2008-05-01,24.5,47.7,24.5
2008-05-02,26.0,42.1,25.4
2008-05-03,28.2,32.5,26.5
2008-05-04,21.7,40.7,21.2
2008-05-05,21.1,29.9,19.7
2008-05-06,23.3,13.1,19.7
2008-05-07,18.6,50.0,19.0
2008-05-08,23.3,46.6,23.2
2008-05-09,23.0,26.2,21.1
2008-05-10,20.5,28.6,19.0
2008-05-11,22.3,23.0,20.1
2008-05-12,20.2,27.9,18.7
2008-05-13,15.6,58.2,16.6
2008-05-14,18.0,42.6,17.8
2008-05-15,19.0,41.8,18.8
2008-05-16,21.6,40.5,21.1
2008-05-17,24.1,30.3,22.5
2008-05-18,15.5,66.9,17.0
2008-05-19,17.8,39.2,17.4
2008-05-20,20.9,45.5,20.8
2008-05-21,20.8,46.9,20.9
2008-05-22,25.2,55.1,25.8
2008-05-23,24.6,56.1,25.3
2008-05-24,28.3,45.6,28.0
2008-05-25,26.5,45.0,26.2
2008-05-26,23.3,54.3,23.9
2008-05-27,27.2,42.6,26.6
2008-05-28,20.6,88.4,23.6
2008-05-29,28.1,45.0,27.7
2008-05-30,20.0,79.3,22.3
2008-05-31,22.4,39.3,21.8
2008-06-01,26.5,30.2,24.7
2008-06-02,22.0,63.9,23.3
2008-06-03,24.1,52.7,24.5
2008-06-04,19.4,61.0,20.5
2008-06-05,16.9,75.8,19.0
2008-06-06,19.9,61.8,21.1
2008-06-07,24.1,55.8,24.7
2008-06-08,25.0,46.8,24.9
2008-06-09,27.0,50.3,27.1
2008-06-10,28.1,49.0,28.1
2008-06-11,29.3,32.0,27.5
2008-06-12,28.9,45.4,28.5
2008-06-13,27.5,53.2,27.9
2008-06-14,28.7,48.1,28.6
2008-06-15,27.3,42.5,26.7
2008-06-16,28.4,29.1,26.3
2008-06-17,25.7,54.2,26.2
2008-06-18,22.0,91.3,25.2
2008-06-19,24.1,68.0,25.7
2008-06-20,29.4,51.7,29.6
2008-06-21,28.1,50.3,28.2
2008-06-22,27.1,54.3,27.6
2008-06-23,27.1,41.4,26.4
2008-06-24,27.5,43.9,27.0
2008-06-25,28.4,41.7,27.7
2008-06-26,28.8,45.2,28.4
2008-06-27,28.6,49.2,28.6
2008-06-28,25.4,62.9,26.6
2008-06-29,27.1,52.8,27.5
2008-06-30,27.3,52.5,27.6
2008-07-01,29.1,50.5,29.2
2008-07-02,23.7,90.3,26.9
2008-07-03,24.8,70.8,26.6
2008-07-04,27.2,73.9,29.3
2008-07-05,27.8,67.8,29.4
2008-07-06,28.4,71.7,30.3
2008-07-07,27.5,75.2,29.6
2008-07-08,32.7,52.2,32.9
2008-07-09,32.7,52.4,32.9
2008-07-10,30.0,55.8,30.6
2008-07-11,29.9,54.5,30.4
2008-07-12,27.7,68.7,29.4
2008-07-13,29.7,62.7,30.9
2008-07-14,31.7,54.9,32.2
2008-07-15,31.2,54.7,31.7
2008-07-16,27.1,74.3,29.2
2008-07-17,30.3,51.2,30.5
2008-07-18,29.9,58.0,30.7
2008-07-19,25.3,76.9,27.6
2008-07-20,28.0,83.6,30.8
2008-07-21,23.9,89.4,27.0
2008-07-22,27.8,68.7,29.5
2008-07-23,26.5,72.9,28.5
2008-07-24,25.0,94.5,28.5
2008-07-25,25.9,76.1,28.1
2008-07-26,23.8,81.3,26.4
2008-07-27,28.2,68.2,29.8
2008-07-28,31.2,57.2,31.9
2008-07-29,32.3,54.1,32.7
2008-07-30,27.0,85.9,30.0
2008-07-31,29.3,66.9,30.8
2008-08-01,31.2,57.0,31.9
2008-08-02,28.3,74.4,30.4
2008-08-03,29.8,60.6,30.8
2008-08-04,31.4,44.7,30.9
2008-08-05,30.7,53.0,31.0
2008-08-06,32.8,51.6,32.9
2008-08-07,33.3,38.3,32.0
2008-08-08,33.8,51.0,33.9
2008-08-09,32.5,50.6,32.6
2008-08-10,34.3,44.5,33.7
2008-08-11,32.1,55.5,32.6
2008-08-12,28.9,65.1,30.3
2008-08-13,31.5,59.3,32.4
2008-08-14,31.4,57.2,32.1
2008-08-15,29.6,64.1,30.9
2008-08-16,23.2,76.2,25.4
2008-08-17,27.0,61.2,28.1
2008-08-18,24.7,88.5,27.8
2008-08-19,27.4,59.0,28.3
2008-08-20,27.2,58.5,28.0
2008-08-21,28.4,43.6,27.9
2008-08-22,22.2,56.9,23.0
2008-08-23,25.3,64.5,26.6
2008-08-24,28.2,53.0,28.5
2008-08-25,28.1,58.3,28.9
2008-08-26,28.3,46.2,28.0
2008-08-27,28.1,49.3,28.1
2008-08-28,29.1,50.5,29.2
2008-08-29,30.6,46.5,30.3
2008-08-30,30.5,35.1,29.0
2008-08-31,28.3,41.8,27.6
2008-09-01,23.4,60.4,24.4
2008-09-02,26.8,57.1,27.5
2008-09-03,28.4,47.4,28.2
2008-09-04,28.0,45.9,27.7
2008-09-05,24.5,65.0,25.9
2008-09-06,29.8,44.3,29.3
2008-09-07,30.2,52.8,30.5
2008-09-08,30.8,41.5,30.0
2008-09-09,28.7,55.2,29.3
2008-09-10,29.7,43.3,29.1
2008-09-11,23.5,78.0,25.8
2008-09-12,29.0,43.3,28.4
2008-09-13,29.1,38.8,28.1
2008-09-14,29.4,45.0,29.0
2008-09-15,29.4,50.0,29.5
2008-09-16,30.7,39.0,29.6
2008-09-17,31.4,26.2,28.7
2008-09-18,31.9,36.0,30.4
2008-09-19,31.4,29.5,29.1
2008-09-20,24.5,62.5,25.7
2008-09-21,29.7,39.7,28.7
2008-09-22,24.9,63.9,26.2
2008-09-23,24.8,70.3,26.6
2008-09-24,23.8,70.5,25.6
2008-09-25,20.5,72.0,22.3
2008-09-26,15.8,86.7,18.6
2008-09-27,20.1,23.3,18.2
2008-09-28,20.1,38.2,19.5
2008-09-29,23.8,30.8,22.2
2008-09-30,23.2,45.5,23.0
2009-05-01,22.3,36.5,21.4
2009-05-02,18.0,53.8,18.7
2009-05-03,22.7,43.9,22.4
2009-05-04,21.4,43.6,21.2
2009-05-05,26.2,41.7,25.6
2009-05-06,29.0,24.6,26.3
2009-05-07,27.3,21.6,24.4
2009-05-08,27.4,31.0,25.6
2009-05-09,26.8,22.2,24.0
2009-05-10,25.2,46.1,25.0
2009-05-11,20.0,67.7,21.6
2009-05-12,23.9,61.2,25.0
2009-05-13,22.3,26.1,20.4
2009-05-14,24.9,34.9,23.7
2009-05-15,22.1,48.4,22.2
2009-05-16,15.3,87.5,18.1
2009-05-17,17.3,66.7,18.8
2009-05-18,22.5,35.3,21.5
2009-05-19,24.5,49.3,24.6
2009-05-20,26.9,37.0,25.8
2009-05-21,19.4,57.8,20.3
2009-05-22,22.5,57.2,23.3
2009-05-23,19.5,63.3,20.8
2009-05-24,24.4,61.4,25.5
2009-05-25,29.4,33.0,27.7
2009-05-26,28.7,30.2,26.7
2009-05-27,29.7,24.2,26.9
2009-05-28,30.6,23.6,27.6
2009-05-29,27.7,29.2,25.7
2009-05-30,25.2,40.2,24.5
2009-05-31,24.6,36.9,23.6
2009-06-01,27.9,33.8,26.4
2009-06-02,26.2,56.8,26.9
2009-06-03,22.2,71.0,24.0
2009-06-04,25.6,46.6,25.5
2009-06-05,28.2,24.4,25.5
2009-06-06,27.3,40.4,26.5
2009-06-07,21.8,52.1,22.2
2009-06-08,25.1,45.9,24.9
2009-06-09,21.7,76.2,23.9
2009-06-10,22.2,69.8,23.9
2009-06-11,25.2,48.8,25.3
2009-06-12,24.1,34.6,22.9
2009-06-13,24.4,52.9,24.8
2009-06-14,23.4,61.6,24.5
2009-06-15,26.3,52.4,26.6
2009-06-16,26.3,42.1,25.7
2009-06-17,23.1,64.0,24.4
2009-06-18,30.7,38.8,29.6
2009-06-19,28.4,54.4,28.9
2009-06-20,24.7,68.6,26.3
2009-06-21,30.0,54.4,30.5
2009-06-22,26.5,58.9,27.4
2009-06-23,27.1,48.9,27.1
2009-06-24,28.9,38.3,27.8
2009-06-25,29.8,33.1,28.1
2009-06-26,29.4,50.2,29.5
2009-06-27,31.8,40.7,30.9
2009-06-28,29.5,51.9,29.7
2009-06-29,31.1,52.2,31.3
2009-06-30,26.5,74.9,28.6
2009-07-01,27.3,51.9,27.6
2009-07-02,22.1,84.9,24.9
2009-07-03,26.5,55.9,27.1
2009-07-04,26.8,63.5,28.1
2009-07-05,29.5,51.3,29.7
2009-07-06,28.8,59.0,29.7
2009-07-07,28.0,60.6,29.0
2009-07-08,29.8,60.7,30.8
2009-07-09,25.5,81.2,28.1
2009-07-10,29.6,51.1,29.7
2009-07-11,28.8,46.8,28.6
2009-07-12,24.0,96.2,27.6
2009-07-13,27.6,66.3,29.1
2009-07-14,25.4,90.5,28.6
2009-07-15,25.9,70.1,27.7
2009-07-16,31.9,44.4,31.3
2009-07-17,26.6,82.2,29.3
2009-07-18,27.3,79.4,29.8
2009-07-19,29.9,60.6,30.9
2009-07-20,28.5,70.0,30.3
2009-07-21,28.9,63.0,30.1
2009-07-22,29.8,48.1,29.7
2009-07-23,29.7,50.6,29.8
2009-07-24,29.9,52.7,30.2
2009-07-25,25.9,64.0,27.2
2009-07-26,28.9,50.7,29.0
2009-07-27,27.6,62.9,28.8
2009-07-28,26.1,74.2,28.2
2009-07-29,30.3,50.0,30.4
2009-07-30,30.5,50.8,30.6
2009-07-31,30.2,57.1,30.9
2009-08-01,28.4,66.5,29.9
2009-08-02,29.5,57.3,30.2
2009-08-03,27.5,66.0,29.0
2009-08-04,30.9,53.3,31.3
2009-08-05,31.8,40.8,30.9
2009-08-06,30.7,54.9,31.2
2009-08-07,28.3,69.7,30.1
2009-08-08,28.9,68.8,30.6
2009-08-09,33.5,49.2,33.4
2009-08-10,31.9,52.2,32.1
2009-08-11,27.1,64.3,28.4
2009-08-12,25.8,79.0,28.2
2009-08-13,30.8,60.4,31.8
2009-08-14,32.6,44.1,32.0
2009-08-15,32.9,48.3,32.7
2009-08-16,34.2,29.7,31.8
2009-08-17,30.9,54.6,31.4
2009-08-18,30.9,60.4,31.9
2009-08-19,31.7,54.4,32.2
2009-08-20,29.3,71.4,31.2
2009-08-21,29.4,42.6,28.8
2009-08-22,28.2,41.9,27.5
2009-08-23,30.4,47.7,30.2
2009-08-24,29.2,44.7,28.8
2009-08-25,27.6,60.8,28.6
2009-08-26,24.3,89.9,27.5
2009-08-27,25.7,84.2,28.5
2009-08-28,28.5,54.9,29.0
2009-08-29,26.4,54.2,26.9
2009-08-30,23.3,67.4,24.8
2009-08-31,28.2,40.1,27.3
2009-09-01,27.8,38.9,26.8
2009-09-02,28.4,40.7,27.6
2009-09-03,28.6,41.8,27.9
2009-09-04,28.7,43.6,28.2
2009-09-05,29.8,46.7,29.5
2009-09-06,29.8,43.3,29.2
2009-09-07,24.9,75.1,27.0
2009-09-08,28.3,41.8,27.6
2009-09-09,26.6,46.9,26.5
2009-09-10,27.2,33.1,25.7
2009-09-11,24.8,47.9,24.8
2009-09-12,22.8,66.1,24.3
2009-09-13,25.9,43.0,25.4
2009-09-14,22.4,69.0,24.1
2009-09-15,25.1,55.1,25.7
2009-09-16,25.8,40.4,25.1
2009-09-17,26.0,41.5,25.4
2009-09-18,28.0,40.2,27.2
2009-09-19,26.4,39.8,25.6
2009-09-20,25.5,39.3,24.7
2009-09-21,21.2,75.3,23.3
2009-09-22,25.1,30.9,23.4
2009-09-23,26.0,41.8,25.4
2009-09-24,25.4,43.4,25.0
2009-09-25,23.5,57.6,24.3
2009-09-26,26.8,51.3,27.0
2009-09-27,22.5,65.6,23.9
2009-09-28,25.2,59.8,26.2
2009-09-29,27.0,49.0,27.0
2009-09-30,27.9,43.1,27.3
2010-05-01,17.3,30.1,16.3
2010-05-02,23.3,35.0,22.2
2010-05-03,19.5,75.2,21.6
2010-05-04,25.3,49.3,25.4
2010-05-05,25.2,30.1,23.5
2010-05-06,19.8,70.6,21.6
2010-05-07,20.5,24.9,18.7
2010-05-08,22.4,32.6,21.2
2010-05-09,25.1,30.9,23.4
2010-05-10,20.7,31.3,19.5
2010-05-11,16.1,55.1,16.9
2010-05-12,19.5,41.5,19.2
2010-05-13,21.9,30.1,20.5
2010-05-14,23.6,29.9,22.0
2010-05-15,21.5,35.7,20.6
2010-05-16,25.1,29.1,23.3
2010-05-17,26.9,25.9,24.6
2010-05-18,19.4,90.6,22.5
2010-05-19,20.9,65.2,22.3
2010-05-20,25.4,47.0,25.3
2010-05-21,28.2,33.6,26.7
2010-05-22,25.4,40.3,24.7
2010-05-23,18.0,66.2,19.5
2010-05-24,15.8,69.9,17.5
2010-05-25,18.8,63.7,20.1
2010-05-26,21.5,45.5,21.4
2010-05-27,24.0,38.2,23.2
2010-05-28,20.2,62.4,21.4
2010-05-29,23.3,41.4,22.8
2010-05-30,23.2,43.4,22.9
2010-05-31,19.8,58.0,20.7
2010-06-01,25.8,28.2,23.8
2010-06-02,26.5,31.8,24.9
2010-06-03,26.4,44.0,26.0
2010-06-04,27.7,37.8,26.6
2010-06-05,27.6,39.9,26.7
2010-06-06,30.6,28.7,28.3
2010-06-07,31.4,29.7,29.2
2010-06-08,31.4,23.5,28.3
2010-06-09,30.5,29.6,28.3
2010-06-10,32.3,31.5,30.2
2010-06-11,31.2,26.8,28.6
2010-06-12,21.9,63.4,23.2
2010-06-13,27.1,56.6,27.8
2010-06-14,26.2,67.5,27.8
2010-06-15,29.2,57.3,29.9
2010-06-16,25.6,60.5,26.6
2010-06-17,27.5,61.3,28.6
2010-06-18,30.6,47.0,30.3
2010-06-19,25.7,67.0,27.2
2010-06-20,26.8,59.6,27.7
2010-06-21,27.7,45.6,27.4
2010-06-22,25.0,35.3,23.8
2010-06-23,28.5,34.5,27.0
2010-06-24,30.2,40.6,29.3
2010-06-25,32.2,33.5,30.4
2010-06-26,27.2,57.2,27.9
2010-06-27,23.1,77.5,25.4
2010-06-28,30.5,46.9,30.2
2010-06-29,27.0,62.4,28.2
2010-06-30,24.5,73.0,26.5
2010-07-01,30.7,53.3,31.0
2010-07-02,25.7,87.6,28.8
2010-07-03,25.7,83.6,28.4
2010-07-04,29.9,60.3,30.9
2010-07-05,30.7,56.2,31.3
2010-07-06,30.1,52.8,30.4
2010-07-07,29.4,54.6,29.9
2010-07-08,29.5,42.2,28.8
2010-07-09,29.8,39.4,28.8
2010-07-10,29.1,50.7,29.2
2010-07-11,26.5,58.8,27.4
2010-07-12,28.3,52.4,28.6
2010-07-13,31.3,43.5,30.7
2010-07-14,27.5,68.4,29.1
2010-07-15,29.9,49.3,29.9
2010-07-16,27.4,65.9,28.9
2010-07-17,24.1,85.9,27.0
2010-07-18,29.1,59.3,30.0
2010-07-19,30.0,62.1,31.1
2010-07-20,32.1,52.9,32.4
2010-07-21,29.6,67.1,31.2
2010-07-22,29.6,64.0,30.9
2010-07-23,25.9,84.8,28.8
2010-07-24,29.2,64.5,30.5
2010-07-25,29.9,58.0,30.7
2010-07-26,28.5,67.5,30.1
2010-07-27,30.6,53.7,31.0
2010-07-28,31.2,51.6,31.4
2010-07-29,30.6,61.4,31.7
2010-07-30,30.8,70.7,32.7
2010-07-31,29.9,71.6,31.8
2010-08-01,30.9,66.2,32.4
2010-08-02,30.9,57.9,31.7
2010-08-03,31.5,37.1,30.2
2010-08-04,31.3,69.3,33.1
2010-08-05,33.4,55.8,34.0
2010-08-06,30.9,65.9,32.4
2010-08-07,27.7,83.0,30.5
2010-08-08,31.0,60.4,32.0
2010-08-09,33.1,49.0,33.0
2010-08-10,29.6,72.8,31.6
2010-08-11,32.5,59.5,33.4
2010-08-12,26.7,75.9,28.9
2010-08-13,29.2,76.1,31.5
2010-08-14,29.1,74.0,31.2
2010-08-15,30.0,64.1,31.3
2010-08-16,26.6,78.0,29.0
2010-08-17,31.2,48.2,31.0
2010-08-18,31.2,61.3,32.3
2010-08-19,32.9,58.3,33.7
2010-08-20,32.1,60.0,33.1
2010-08-21,31.9,56.9,32.6
2010-08-22,32.4,55.6,32.9
2010-08-23,29.0,73.2,31.1
2010-08-24,25.9,73.1,27.9
2010-08-25,22.5,88.6,25.5
2010-08-26,26.7,78.2,29.1
2010-08-27,31.8,53.1,32.1
2010-08-28,26.6,83.5,29.4
2010-08-29,26.0,82.6,28.7
2010-08-30,29.6,57.7,30.4
2010-08-31,27.2,71.6,29.1
2010-09-01,31.2,62.3,32.4
2010-09-02,26.2,72.1,28.1
2010-09-03,29.9,66.2,31.4
2010-09-04,31.1,55.8,31.7
2010-09-05,30.7,62.4,31.8
2010-09-06,30.0,61.9,31.1
2010-09-07,30.7,43.5,30.1
2010-09-08,23.6,58.2,24.4
2010-09-09,22.5,94.7,25.9
2010-09-10,25.8,86.2,28.8
2010-09-11,26.1,81.2,28.7
2010-09-12,25.9,66.6,27.4
2010-09-13,27.9,56.7,28.6
2010-09-14,28.2,62.3,29.3
2010-09-15,30.3,35.5,28.8
2010-09-16,29.1,43.0,28.5
2010-09-17,28.6,50.1,28.7
2010-09-18,29.4,39.2,28.4
2010-09-19,23.3,75.4,25.4
2010-09-20,25.8,61.1,26.9
2010-09-21,24.7,93.1,28.1
2010-09-22,17.8,91.6,20.9
2010-09-23,22.7,40.5,22.1
2010-09-24,23.1,44.7,22.9
2010-09-25,24.1,38.0,23.2
2010-09-26,24.1,40.4,23.4
2010-09-27,23.7,57.9,24.5
2010-09-28,17.4,91.2,20.5
2010-09-29,16.6,51.0,17.1
2010-09-30,20.6,35.0,19.7
2011-05-01,14.2,94.6,17.4
2011-05-02,20.7,35.5,19.8
2011-05-03,20.5,29.9,19.2
2011-05-04,21.6,23.0,19.5
2011-05-05,23.2,30.1,21.7
2011-05-06,16.4,81.2,18.8
2011-05-07,21.6,47.0,21.6
2011-05-08,23.3,39.8,22.7
2011-05-09,22.0,83.9,24.7
2011-05-10,18.3,91.6,21.4
2011-05-11,21.1,64.0,22.4
2011-05-12,20.2,62.9,21.4
2011-05-13,20.2,37.8,19.6
2011-05-14,22.7,24.4,20.6
2011-05-15,22.7,38.6,22.0
2011-05-16,22.0,26.9,20.2
2011-05-17,22.7,24.1,20.6
2011-05-18,25.4,33.4,24.0
2011-05-19,23.6,51.8,24.0
2011-05-20,20.0,82.7,22.6
2011-05-21,17.7,71.2,19.5
2011-05-22,23.2,36.2,22.2
2011-05-23,25.6,26.2,23.4
2011-05-24,27.8,24.4,25.2
2011-05-25,28.1,27.6,25.8
2011-05-26,24.0,34.3,22.8
2011-05-27,24.4,39.1,23.6
2011-05-28,28.9,23.6,26.1
2011-05-29,30.9,26.8,28.3
2011-05-30,27.7,28.8,25.6
2011-05-31,23.5,51.4,23.8
2011-06-01,21.5,60.8,22.6
2011-06-02,24.7,50.3,24.9
2011-06-03,24.7,30.5,23.1
2011-06-04,24.6,49.6,24.7
2011-06-05,27.0,39.8,26.2
2011-06-06,26.9,39.1,26.0
2011-06-07,26.6,30.7,24.8
2011-06-08,27.5,40.8,26.7
2011-06-09,22.0,65.2,23.4
2011-06-10,24.3,58.5,25.2
2011-06-11,29.1,37.7,27.9
2011-06-12,29.8,33.6,28.1
2011-06-13,26.9,48.8,26.9
2011-06-14,29.4,35.6,28.0
2011-06-15,31.8,27.7,29.3
2011-06-16,31.9,22.8,28.6
2011-06-17,31.3,20.7,27.8
2011-06-18,28.9,41.4,28.1
2011-06-19,31.8,39.2,30.6
2011-06-20,31.7,43.0,31.0
2011-06-21,29.5,36.7,28.2
2011-06-22,24.9,81.0,27.5
2011-06-23,23.2,91.8,26.5
2011-06-24,21.4,92.6,24.7
2011-06-25,20.0,76.6,22.1
2011-06-26,21.5,69.3,23.2
2011-06-27,20.2,89.9,23.3
2011-06-28,29.7,44.0,29.2
2011-06-29,23.2,86.7,26.1
2011-06-30,27.8,69.5,29.5
2011-07-01,28.6,68.6,30.3
2011-07-02,26.8,78.0,29.2
2011-07-03,24.8,83.8,27.6
2011-07-04,28.0,54.2,28.5
2011-07-05,29.9,47.5,29.7
2011-07-06,30.6,43.1,29.9
2011-07-07,25.3,68.3,26.9
2011-07-08,24.5,73.1,26.5
2011-07-09,27.6,67.7,29.2
2011-07-10,28.4,66.8,29.9
2011-07-11,22.1,91.2,25.3
2011-07-12,25.6,75.5,27.8
2011-07-13,26.2,75.7,28.4
2011-07-14,24.6,85.5,27.5
2011-07-15,25.9,83.0,28.6
2011-07-16,25.3,81.6,27.9
2011-07-17,29.0,67.4,30.6
2011-07-18,33.9,46.3,33.5
2011-07-19,32.6,47.5,32.4
2011-07-20,32.6,35.7,31.0
2011-07-21,31.8,40.4,30.8
2011-07-22,26.5,67.9,28.1
2011-07-23,29.6,60.3,30.6
2011-07-24,27.9,66.1,29.4
2011-07-25,27.9,74.2,30.0
2011-07-26,29.2,63.8,30.5
2011-07-27,26.0,89.4,29.2
2011-07-28,25.9,81.8,28.5
2011-07-29,30.1,66.2,31.6
2011-07-30,30.5,61.9,31.6
2011-07-31,26.6,78.6,29.0
2011-08-01,29.0,70.8,30.8
2011-08-02,30.0,67.8,31.6
2011-08-03,27.0,89.9,30.3
2011-08-04,27.9,76.3,30.2
2011-08-05,33.4,55.3,33.9
2011-08-06,32.6,53.2,32.9
2011-08-07,32.9,51.5,33.1
2011-08-08,27.6,69.4,29.3
2011-08-09,28.5,65.2,29.9
2011-08-10,28.7,70.0,30.5
2011-08-11,29.7,69.3,31.4
2011-08-12,26.2,84.9,29.1
2011-08-13,26.2,83.9,29.0
2011-08-14,26.8,81.1,29.4
2011-08-15,26.9,76.5,29.2
2011-08-16,26.1,83.4,28.9
2011-08-17,24.6,91.8,27.9
2011-08-18,30.0,57.0,30.7
2011-08-19,28.8,59.9,29.7
2011-08-20,26.9,60.3,27.9
2011-08-21,30.7,43.3,30.1
2011-08-22,29.4,50.8,29.5
2011-08-23,30.5,37.1,29.2
2011-08-24,28.4,51.0,28.6
2011-08-25,30.2,44.5,29.7
2011-08-26,30.3,47.8,30.1
2011-08-27,31.1,50.4,31.1
2011-08-28,31.8,48.5,31.7
2011-08-29,29.5,66.0,31.0
2011-08-30,31.8,51.2,31.9
2011-08-31,32.8,44.9,32.2
2011-09-01,30.8,51.0,30.9
2011-09-02,32.1,43.6,31.4
2011-09-03,30.5,42.5,29.8
2011-09-04,30.2,35.1,28.7
2011-09-05,28.4,37.5,27.3
2011-09-06,28.6,31.7,26.8
2011-09-07,26.5,42.3,25.9
2011-09-08,25.6,36.4,24.5
2011-09-09,20.6,78.5,22.9
2011-09-10,26.4,50.5,26.6
2011-09-11,22.4,76.5,24.6
2011-09-12,26.9,58.9,27.7
2011-09-13,30.9,31.4,28.9
2011-09-14,27.8,58.1,28.6
2011-09-15,30.9,47.3,30.7
2011-09-16,31.1,43.0,30.4
2011-09-17,31.0,47.3,30.8
2011-09-18,26.0,50.0,26.1
2011-09-19,18.2,59.2,19.2
2011-09-20,23.2,31.1,21.7
2011-09-21,24.0,29.4,22.3
2011-09-22,23.5,37.2,22.6
2011-09-23,25.9,26.3,23.7
2011-09-24,25.8,29.6,24.0
2011-09-25,26.6,34.3,25.2
2011-09-26,27.3,34.4,25.9
2011-09-27,28.9,16.2,24.9
2011-09-28,23.5,45.0,23.3
2011-09-29,19.5,62.3,20.7
2011-09-30,16.6,83.1,19.1
2012-05-01,28.2,31.2,26.4
2012-05-02,29.0,32.8,27.3
2012-05-03,24.5,42.0,24.0
2012-05-04,24.9,41.5,24.3
2012-05-05,24.5,25.9,22.4
2012-05-06,24.1,13.5,20.4
2012-05-07,24.9,24.0,22.5
2012-05-08,27.5,19.1,24.2
2012-05-09,27.1,27.1,24.9
2012-05-10,26.5,31.5,24.8
2012-05-11,19.2,47.5,19.4
2012-05-12,21.1,44.3,20.9
2012-05-13,25.1,32.7,23.7
2012-05-14,16.0,88.5,18.9
2012-05-15,22.7,41.2,22.2
2012-05-16,21.3,43.4,21.1
2012-05-17,20.2,39.5,19.7
2012-05-18,23.8,33.4,22.5
2012-05-19,25.8,19.8,22.8
2012-05-20,28.6,24.2,25.9
2012-05-21,28.5,18.8,25.0
2012-05-22,29.3,19.5,25.8
2012-05-23,27.7,24.3,25.1
2012-05-24,24.0,40.7,23.4
2012-05-25,26.4,31.1,24.7
2012-05-26,25.9,21.0,23.0
2012-05-27,23.4,45.1,23.2
2012-05-28,26.0,44.3,25.6
2012-05-29,25.4,33.2,24.0
2012-05-30,23.5,41.2,23.0
2012-05-31,27.0,39.9,26.2
2012-06-01,26.6,28.5,24.6
2012-06-02,28.3,33.0,26.7
2012-06-03,29.1,23.0,26.2
2012-06-04,28.7,25.0,26.1
2012-06-05,27.5,42.2,26.9
2012-06-06,28.8,36.9,27.6
2012-06-07,29.4,38.1,28.3
2012-06-08,27.9,46.4,27.7
2012-06-09,29.9,33.7,28.2
2012-06-10,28.7,40.0,27.8
2012-06-11,27.5,41.3,26.8
2012-06-12,28.7,37.8,27.6
2012-06-13,28.9,36.0,27.6
2012-06-14,31.6,29.2,29.3
2012-06-15,27.9,42.7,27.3
2012-06-16,29.9,35.8,28.5
2012-06-17,29.8,29.4,27.6
2012-06-18,30.2,32.5,28.4
2012-06-19,33.5,22.7,30.1
2012-06-20,31.2,35.4,29.7
2012-06-21,31.9,35.7,30.4
2012-06-22,29.2,39.8,28.3
2012-06-23,31.4,37.1,30.1
2012-06-24,32.8,33.7,31.0
2012-06-25,33.0,26.9,30.3
2012-06-26,30.8,29.2,28.5
2012-06-27,31.0,32.3,29.1
2012-06-28,29.6,37.1,28.4
2012-06-29,31.0,38.1,29.8
2012-06-30,23.7,91.4,26.9
2012-07-01,25.4,64.2,26.7
2012-07-02,29.4,42.1,28.7
2012-07-03,25.5,70.4,27.3
2012-07-04,27.4,65.2,28.8
2012-07-05,24.4,83.3,27.1
2012-07-06,21.7,90.9,24.9
2012-07-07,30.8,43.0,30.1
2012-07-08,30.6,52.8,30.9
2012-07-09,32.2,43.8,31.6
2012-07-10,29.0,60.9,30.0
2012-07-11,26.5,72.9,28.5
2012-07-12,28.5,55.7,29.1
2012-07-13,29.3,61.5,30.4
2012-07-14,25.3,82.8,28.0
2012-07-15,20.4,90.4,23.5
2012-07-16,25.0,67.5,26.5
2012-07-17,28.7,64.1,30.0
2012-07-18,27.9,83.7,30.7
2012-07-19,25.3,87.0,28.3
2012-07-20,29.7,57.8,30.5
2012-07-21,31.3,53.8,31.7
2012-07-22,30.1,66.2,31.6
2012-07-23,30.4,63.0,31.6
2012-07-24,32.0,54.7,32.5
2012-07-25,31.6,57.0,32.3
2012-07-26,32.2,50.5,32.3
2012-07-27,32.3,51.0,32.4
2012-07-28,33.1,46.1,32.7
2012-07-29,33.2,50.8,33.3
2012-07-30,31.4,62.6,32.6
2012-07-31,33.0,52.3,33.2
2012-08-01,34.9,48.6,34.7
2012-08-02,35.4,42.8,34.6
2012-08-03,35.3,41.2,34.3
2012-08-04,35.9,37.0,34.4
2012-08-05,36.6,39.6,35.3
2012-08-06,35.7,43.6,35.0
2012-08-07,34.9,41.3,33.9
2012-08-08,33.9,39.0,32.7
2012-08-09,34.6,40.2,33.5
2012-08-10,28.8,66.0,30.3
2012-08-11,31.6,52.0,31.8
2012-08-12,27.6,78.2,30.0
2012-08-13,32.0,45.5,31.6
2012-08-14,31.1,51.8,31.3
2012-08-15,27.1,76.6,29.4
2012-08-16,28.8,54.2,29.3
2012-08-17,32.2,54.4,32.6
2012-08-18,28.6,76.5,30.9
2012-08-19,30.7,63.2,31.9
2012-08-20,27.0,79.9,29.5
2012-08-21,28.6,71.2,30.5
2012-08-22,24.5,91.1,27.8
2012-08-23,25.6,62.5,26.8
2012-08-24,26.1,60.7,27.1
2012-08-25,28.9,68.7,30.6
2012-08-26,32.3,53.8,32.7
2012-08-27,32.6,47.8,32.4
2012-08-28,29.2,56.8,29.9
2012-08-29,28.7,59.8,29.6
2012-08-30,24.7,80.4,27.2
2012-08-31,28.3,49.0,28.3
2012-09-01,29.3,52.8,29.6
2012-09-02,29.3,48.3,29.2
2012-09-03,28.4,57.8,29.2
2012-09-04,24.4,73.5,26.4
2012-09-05,24.7,66.2,26.1
2012-09-06,27.0,32.6,25.4
2012-09-07,27.2,39.1,26.3
2012-09-08,23.6,54.8,24.2
2012-09-09,24.5,57.7,25.3
2012-09-10,27.6,46.6,27.4
2012-09-11,27.4,40.6,26.6
2012-09-12,24.7,59.3,25.6
2012-09-13,20.8,88.4,23.8
2012-09-14,19.2,90.2,22.2
2012-09-15,25.4,46.0,25.2
2012-09-16,22.1,56.8,22.9
2012-09-17,18.0,89.1,20.9
2012-09-18,24.3,53.9,24.8
2012-09-19,25.0,49.3,25.1
2012-09-20,24.6,45.7,24.4
2012-09-21,23.4,62.1,24.6
2012-09-22,25.9,39.2,25.1
2012-09-23,26.5,39.8,25.7
2012-09-24,27.4,31.2,25.6
2012-09-25,27.7,30.5,25.8
2012-09-26,25.3,43.6,24.9
2012-09-27,23.6,44.8,23.4
2012-09-28,22.0,58.3,22.9
2012-09-29,19.8,43.6,19.7
2012-09-30,20.8,47.2,20.9
2013-05-01,18.5,35.5,17.8
2013-05-02,17.0,43.1,17.0
2013-05-03,18.0,35.2,17.3
2013-05-04,19.6,35.2,18.8
2013-05-05,20.6,26.0,18.9
2013-05-06,21.0,36.4,20.2
2013-05-07,26.7,28.0,24.6
2013-05-08,26.1,24.7,23.7
2013-05-09,22.9,32.2,21.6
2013-05-10,16.1,92.2,19.2
2013-05-11,24.1,30.9,22.5
2013-05-12,22.4,55.8,23.1
2013-05-13,26.6,30.3,24.8
2013-05-14,25.3,32.3,23.8
2013-05-15,24.0,41.0,23.4
2013-05-16,28.3,23.3,25.5
2013-05-17,26.3,23.3,23.7
2013-05-18,21.8,47.9,21.9
2013-05-19,21.5,61.2,22.6
2013-05-20,18.5,60.8,19.6
2013-05-21,24.3,21.0,21.6
2013-05-22,25.4,42.1,24.9
2013-05-23,29.3,40.3,28.4
2013-05-24,26.9,44.5,26.5
2013-05-25,31.7,29.5,29.4
2013-05-26,28.4,32.9,26.8
2013-05-27,22.6,57.3,23.4
2013-05-28,20.8,89.2,23.8
2013-05-29,18.1,85.2,20.8
2013-05-30,24.7,34.6,23.5
2013-05-31,27.8,31.9,26.1
2013-06-01,27.5,32.9,25.9
2013-06-02,30.3,31.2,28.3
2013-06-03,26.5,48.0,26.5
2013-06-04,28.4,38.9,27.4
2013-06-05,30.1,38.7,29.0
2013-06-06,29.8,38.8,28.7
2013-06-07,31.0,34.7,29.4
2013-06-08,31.2,38.7,30.1
2013-06-09,32.4,25.9,29.6
2013-06-10,32.2,26.6,29.5
2013-06-11,26.7,44.4,26.3
2013-06-12,22.5,73.7,24.5
2013-06-13,27.4,51.3,27.6
2013-06-14,29.6,42.0,28.9
2013-06-15,29.0,46.9,28.8
2013-06-16,27.4,51.3,27.6
2013-06-17,25.1,67.6,26.7
2013-06-18,23.0,87.1,25.9
2013-06-19,29.5,51.8,29.7
2013-06-20,31.0,40.5,30.1
2013-06-21,31.6,40.3,30.6
2013-06-22,29.5,50.1,29.6
2013-06-23,26.0,55.1,26.6
2013-06-24,29.3,40.9,28.5
2013-06-25,29.4,50.0,29.5
2013-06-26,29.5,48.4,29.4
2013-06-27,31.7,37.5,30.4
2013-06-28,30.4,46.5,30.1
2013-06-29,32.2,40.5,31.2
2013-06-30,31.7,45.2,31.2
2013-07-01,31.2,42.1,30.4
2013-07-02,27.7,73.2,29.7
2013-07-03,30.7,48.4,30.6
2013-07-04,27.6,75.4,29.8
2013-07-05,30.0,55.9,30.6
2013-07-06,30.4,55.9,31.0
2013-07-07,29.5,58.8,30.4
2013-07-08,26.2,82.0,28.9
2013-07-09,26.2,82.1,28.9
2013-07-10,25.9,81.2,28.5
2013-07-11,24.9,86.9,27.9
2013-07-12,24.3,86.6,27.2
2013-07-13,25.5,85.5,28.4
2013-07-14,25.1,92.0,28.4
2013-07-15,28.4,74.2,30.5
2013-07-16,28.8,59.1,29.7
2013-07-17,25.5,83.1,28.2
2013-07-18,27.7,71.4,29.6
2013-07-19,30.5,57.9,31.3
2013-07-20,30.2,53.5,30.6
2013-07-21,28.3,73.6,30.4
2013-07-22,29.4,68.4,31.1
2013-07-23,26.2,88.3,29.3
2013-07-24,27.5,71.9,29.4
2013-07-25,29.9,55.2,30.4
2013-07-26,30.7,54.3,31.2
2013-07-27,31.1,50.4,31.1
2013-07-28,26.6,87.9,29.7
2013-07-29,29.5,68.9,31.2
2013-07-30,29.8,58.3,30.6
2013-07-31,29.0,64.8,30.4
2013-08-01,31.6,57.1,32.3
2013-08-02,29.3,74.8,31.5
2013-08-03,32.4,56.3,33.0
2013-08-04,31.3,64.1,32.6
2013-08-05,29.8,68.6,31.5
2013-08-06,27.5,84.4,30.4
2013-08-07,32.0,65.0,33.4
2013-08-08,32.7,63.8,34.0
2013-08-09,30.6,75.9,32.9
2013-08-10,29.1,82.0,31.8
2013-08-11,33.2,53.0,33.5
2013-08-12,32.4,57.2,33.1
2013-08-13,32.9,47.7,32.7
2013-08-14,31.6,56.2,32.2
2013-08-15,32.3,56.2,32.9
2013-08-16,31.1,61.3,32.2
2013-08-17,31.5,56.9,32.2
2013-08-18,31.4,57.1,32.1
2013-08-19,31.2,59.9,32.2
2013-08-20,32.1,44.8,31.6
2013-08-21,33.2,41.1,32.2
2013-08-22,32.3,51.7,32.5
2013-08-23,28.7,62.8,29.9
2013-08-24,31.2,42.9,30.5
2013-08-25,32.1,32.5,30.1
2013-08-26,30.6,44.3,30.1
2013-08-27,29.2,48.2,29.1
2013-08-28,30.4,40.4,29.5
2013-08-29,26.3,86.6,29.3
2013-08-30,27.5,61.8,28.6
2013-08-31,27.9,50.0,28.0
2013-09-01,28.0,40.2,27.2
2013-09-02,26.7,34.1,25.3
2013-09-03,26.4,32.0,24.8
2013-09-04,27.3,33.1,25.8
2013-09-05,23.9,49.6,24.1
2013-09-06,23.1,52.0,23.5
2013-09-07,26.9,42.0,26.3
2013-09-08,27.8,37.3,26.7
2013-09-09,26.3,51.7,26.6
2013-09-10,24.0,78.6,26.4
2013-09-11,20.8,90.2,23.9
2013-09-12,26.2,64.1,27.5
2013-09-13,24.6,89.8,27.8
2013-09-14,25.3,65.1,26.7
2013-09-15,27.6,49.6,27.7
2013-09-16,26.9,30.3,25.1
2013-09-17,29.2,30.0,27.2
2013-09-18,31.0,36.6,29.6
2013-09-19,30.0,38.8,28.9
2013-09-20,27.6,56.7,28.3
2013-09-21,27.8,49.7,27.9
2013-09-22,27.1,47.6,27.0
2013-09-23,28.7,48.4,28.6
2013-09-24,23.9,70.3,25.7
2013-09-25,24.1,42.8,23.7
2013-09-26,22.5,27.0,20.7
2013-09-27,24.0,33.2,22.7
2013-09-28,18.8,77.2,21.0
2013-09-29,19.5,82.6,22.1
2013-09-30,25.5,54.1,26.0
2014-05-01,21.8,44.2,21.6
2014-05-02,24.6,40.2,23.9
2014-05-03,19.2,43.6,19.1
2014-05-04,20.4,31.5,19.2
2014-05-05,15.3,35.9,14.9
2014-05-06,18.7,28.4,17.4
2014-05-07,22.2,27.2,20.4
2014-05-08,19.4,57.9,20.3
2014-05-09,23.6,33.3,22.3
2014-05-10,27.8,27.9,25.6
2014-05-11,23.2,41.4,22.7
2014-05-12,20.4,56.5,21.2
2014-05-13,25.2,55.5,25.8
2014-05-14,25.9,36.6,24.8
2014-05-15,23.5,48.2,23.5
2014-05-16,26.1,34.4,24.8
2014-05-17,25.9,43.6,25.4
2014-05-18,26.7,36.9,25.6
2014-05-19,25.8,49.2,25.9
2014-05-20,28.3,29.0,26.2
2014-05-21,26.3,49.3,26.4
2014-05-22,28.3,43.2,27.8
2014-05-23,27.7,53.5,28.1
2014-05-24,27.9,43.0,27.3
2014-05-25,24.7,52.6,25.1
2014-05-26,24.6,32.7,23.2
2014-05-27,28.1,38.8,27.1
2014-05-28,29.7,49.1,29.7
2014-05-29,30.7,29.0,28.4
2014-05-30,31.7,30.4,29.5
2014-05-31,33.3,33.8,31.5
2014-06-01,29.7,41.5,28.9
2014-06-02,24.4,70.8,26.2
2014-06-03,20.8,90.3,23.9
2014-06-04,27.7,53.8,28.1
2014-06-05,25.9,55.1,26.5
2014-06-06,30.5,45.3,30.1
2014-06-07,27.1,56.7,27.8
2014-06-08,24.5,65.3,25.9
2014-06-09,28.7,48.0,28.6
2014-06-10,29.1,49.9,29.1
2014-06-11,26.6,53.5,27.0
2014-06-12,26.8,51.9,27.1
2014-06-13,25.6,62.1,26.8
2014-06-14,27.2,60.2,28.2
2014-06-15,28.3,51.9,28.6
2014-06-16,28.8,47.6,28.7
2014-06-17,30.5,49.1,30.5
2014-06-18,29.0,53.4,29.4
2014-06-19,25.6,63.6,26.9
2014-06-20,28.6,51.2,28.8
2014-06-21,28.1,56.8,28.8
2014-06-22,28.9,57.8,29.7
2014-06-23,23.1,90.5,26.3
2014-06-24,27.2,61.2,28.3
2014-06-25,28.8,58.2,29.6
2014-06-26,29.2,52.3,29.5
2014-06-27,29.4,55.0,29.9
2014-06-28,28.0,56.9,28.7
2014-06-29,29.8,49.1,29.8
2014-06-30,30.2,53.9,30.6
2014-07-01,31.2,53.7,31.6
2014-07-02,30.6,58.4,31.4
2014-07-03,24.7,74.4,26.8
2014-07-04,31.5,51.5,31.7
2014-07-05,29.5,61.4,30.6
2014-07-06,29.5,50.7,29.6
2014-07-07,33.7,41.9,32.8
2014-07-08,29.3,61.2,30.4
2014-07-09,33.0,59.9,34.0
2014-07-10,32.7,46.4,32.3
2014-07-11,30.9,54.0,31.3
2014-07-12,29.5,56.6,30.2
2014-07-13,29.4,57.0,30.1
2014-07-14,30.7,51.6,30.9
2014-07-15,32.2,47.2,31.9
2014-07-16,31.9,46.8,31.6
2014-07-17,29.5,62.7,30.7
2014-07-18,30.4,60.1,31.4
2014-07-19,30.5,66.8,32.1
2014-07-20,33.2,52.3,33.4
2014-07-21,31.5,55.1,32.0
2014-07-22,28.2,69.6,30.0
2014-07-23,24.6,99.0,28.4
2014-07-24,24.3,83.2,27.0
2014-07-25,33.7,54.0,34.1
2014-07-26,27.2,85.9,30.2
2014-07-27,30.3,55.0,30.8
2014-07-28,31.1,51.7,31.3
2014-07-29,29.7,61.6,30.8
2014-07-30,33.3,56.5,33.9
2014-07-31,34.2,57.8,35.0
2014-08-01,34.1,52.9,34.4
2014-08-02,35.8,48.7,35.6
2014-08-03,30.5,65.1,31.9
2014-08-04,29.4,81.1,32.0
2014-08-05,29.0,76.4,31.3
2014-08-06,26.2,92.1,29.6
2014-08-07,27.0,82.9,29.7
2014-08-08,30.6,49.1,30.6
2014-08-09,31.4,37.6,30.1
2014-08-10,27.7,67.6,29.3
2014-08-11,28.4,60.2,29.4
2014-08-12,30.1,61.5,31.2
2014-08-13,26.6,78.0,29.0
2014-08-14,24.2,72.9,26.1
2014-08-15,29.5,58.8,30.4
2014-08-16,31.7,55.8,32.3
2014-08-17,24.7,98.1,28.4
2014-08-18,24.4,86.2,27.3
2014-08-19,25.3,83.9,28.1
2014-08-20,27.9,70.9,29.7
2014-08-21,24.2,98.6,28.0
2014-08-22,28.2,66.6,29.7
2014-08-23,29.2,63.9,30.5
2014-08-24,30.4,57.5,31.1
2014-08-25,28.6,64.8,30.0
2014-08-26,29.5,62.7,30.7
2014-08-27,28.5,60.4,29.5
2014-08-28,30.6,46.5,30.3
2014-08-29,29.7,56.8,30.4
2014-08-30,30.3,45.6,29.9
2014-08-31,28.9,51.0,29.0
2014-09-01,29.4,55.8,30.0
2014-09-02,27.6,55.1,28.2
2014-09-03,20.6,99.9,24.3
2014-09-04,27.6,58.8,28.5
2014-09-05,29.0,54.4,29.5
2014-09-06,30.8,45.9,30.4
2014-09-07,31.0,50.9,31.1
2014-09-08,30.0,55.6,30.6
2014-09-09,28.2,41.3,27.4
2014-09-10,28.8,38.0,27.7
2014-09-11,29.2,44.2,28.7
2014-09-12,26.6,56.2,27.3
2014-09-13,28.1,43.9,27.6
2014-09-14,28.4,43.8,27.9
2014-09-15,27.5,44.6,27.1
2014-09-16,26.9,37.2,25.8
2014-09-17,22.3,52.3,22.7
2014-09-18,26.9,40.9,26.2
2014-09-19,28.2,33.1,26.6
2014-09-20,27.9,30.7,26.0
2014-09-21,25.6,42.6,25.1
2014-09-22,27.4,39.8,26.5
2014-09-23,29.0,30.2,27.0
2014-09-24,23.7,62.8,24.9
2014-09-25,27.3,48.9,27.3
2014-09-26,24.1,64.2,25.4
2014-09-27,25.0,61.2,26.1
2014-09-28,24.7,65.3,26.1
2014-09-29,20.7,97.9,24.3
2014-09-30,23.6,54.7,24.2
2015-05-01,27.0,46.6,26.8
2015-05-02,26.0,40.4,25.3
2015-05-03,19.1,95.9,22.5
2015-05-04,17.1,90.0,20.1
2015-05-05,19.1,26.3,17.6
2015-05-06,21.9,23.9,19.8
2015-05-07,23.7,23.5,21.4
2015-05-08,22.6,45.7,22.5
2015-05-09,23.7,39.6,23.0
2015-05-10,25.8,23.1,23.2
2015-05-11,24.1,41.7,23.5
2015-05-12,16.3,97.8,19.7
2015-05-13,21.3,53.9,21.9
2015-05-14,26.5,57.4,27.3
2015-05-15,23.2,60.6,24.2
2015-05-16,25.0,25.4,22.8
2015-05-17,25.0,21.3,22.3
2015-05-18,22.1,47.9,22.2
2015-05-19,16.2,85.3,18.9
2015-05-20,21.8,36.8,21.0
2015-05-21,25.6,28.1,23.6
2015-05-22,27.1,29.0,25.1
2015-05-23,28.3,24.5,25.6
2015-05-24,28.4,22.6,25.5
2015-05-25,28.5,35.0,27.1
2015-05-26,29.8,27.1,27.4
2015-05-27,31.4,14.8,26.9
2015-05-28,31.9,23.2,28.7
2015-05-29,29.3,29.3,27.2
2015-05-30,23.2,57.0,24.0
2015-05-31,29.5,34.9,28.0
2015-06-01,28.5,25.6,26.0
2015-06-02,29.3,30.1,27.3
2015-06-03,29.4,15.1,25.2
2015-06-04,31.4,17.3,27.3
2015-06-05,20.4,59.1,21.4
2015-06-06,28.9,31.0,27.0
2015-06-07,31.4,25.2,28.6
2015-06-08,27.8,36.1,26.5
2015-06-09,28.0,45.2,27.7
2015-06-10,34.0,30.6,31.7
2015-06-11,28.6,40.0,27.7
2015-06-12,29.9,37.5,28.7
2015-06-13,30.6,46.7,30.3
2015-06-14,27.6,50.8,27.8
2015-06-15,29.6,52.4,29.9
2015-06-16,30.5,49.8,30.5
2015-06-17,30.1,49.3,30.1
2015-06-18,31.3,33.6,29.6
2015-06-19,29.8,44.4,29.3
2015-06-20,22.6,72.9,24.5
2015-06-21,29.0,46.6,28.7
2015-06-22,28.9,49.4,28.9
2015-06-23,30.9,41.5,30.1
2015-06-24,30.0,52.7,30.3
2015-06-25,29.0,53.3,29.4
2015-06-26,25.3,56.3,26.0
2015-06-27,31.0,39.0,29.9
2015-06-28,31.0,49.8,31.0
2015-06-29,30.4,46.5,30.1
2015-06-30,28.9,53.2,29.3
2015-07-01,27.7,47.4,27.6
2015-07-02,28.3,40.6,27.5
2015-07-03,27.8,40.1,27.0
2015-07-04,29.2,44.2,28.7
2015-07-05,29.6,39.4,28.6
2015-07-06,32.5,32.6,30.6
2015-07-07,29.4,48.9,29.3
2015-07-08,26.2,62.8,27.4
2015-07-09,31.8,46.3,31.5
2015-07-10,33.5,48.8,33.4
2015-07-11,35.9,43.0,35.1
2015-07-12,27.7,77.7,30.1
2015-07-13,24.4,96.9,28.0
2015-07-14,31.2,51.4,31.4
2015-07-15,33.1,49.2,33.0
2015-07-16,28.7,43.7,28.2
2015-07-17,28.6,42.3,27.9
2015-07-18,27.7,56.4,28.4
2015-07-19,29.8,55.3,30.3
2015-07-20,30.7,63.8,32.0
2015-07-21,29.3,73.4,31.4
2015-07-22,31.7,64.8,33.1
2015-07-23,32.1,55.8,32.7
2015-07-24,25.3,98.2,29.1
2015-07-25,26.4,84.9,29.3
2015-07-26,29.7,70.7,31.5
2015-07-27,30.0,69.9,31.8
2015-07-28,30.8,61.6,31.9
2015-07-29,28.8,80.1,31.4
2015-07-30,32.9,59.4,33.8
2015-07-31,32.3,62.0,33.4
2015-08-01,31.5,61.4,32.6
2015-08-02,28.8,75.9,31.1
2015-08-03,31.5,62.8,32.7
2015-08-04,30.7,64.1,32.0
2015-08-05,32.6,52.3,32.8
2015-08-06,34.3,50.2,34.3
2015-08-07,34.4,50.9,34.5
2015-08-08,32.3,60.1,33.3
2015-08-09,30.6,58.9,31.5
2015-08-10,31.9,55.7,32.5
2015-08-11,30.1,61.1,31.2
2015-08-12,32.8,43.2,32.1
2015-08-13,29.9,59.7,30.8
2015-08-14,32.4,44.1,31.8
2015-08-15,30.6,58.5,31.4
2015-08-16,31.1,59.6,32.0
2015-08-17,32.7,45.0,32.2
2015-08-18,31.9,48.6,31.8
2015-08-19,29.6,62.6,30.8
2015-08-20,28.0,63.5,29.2
2015-08-21,29.3,57.0,30.0
2015-08-22,29.2,52.2,29.5
2015-08-23,31.6,47.1,31.3
2015-08-24,30.2,52.3,30.5
2015-08-25,24.5,57.3,25.3
2015-08-26,25.3,56.2,26.0
2015-08-27,30.0,33.7,28.3
2015-08-28,28.0,51.6,28.2
2015-08-29,30.2,49.2,30.1
2015-08-30,30.9,42.3,30.1
2015-08-31,31.1,42.0,30.3
2015-09-01,30.6,45.6,30.2
2015-09-02,27.7,58.9,28.6
2015-09-03,27.8,56.5,28.5
2015-09-04,30.6,47.0,30.3
2015-09-05,23.6,83.2,26.3
2015-09-06,26.0,54.6,26.5
2015-09-07,28.4,38.6,27.4
2015-09-08,28.7,29.5,26.6
2015-09-09,29.6,33.9,28.0
2015-09-10,28.3,46.0,28.0
2015-09-11,24.3,63.5,25.6
2015-09-12,23.9,36.3,22.9
2015-09-13,26.0,30.4,24.2
2015-09-14,27.7,41.6,27.0
2015-09-15,28.6,30.8,26.7
2015-09-16,26.5,35.2,25.2
2015-09-17,27.6,31.9,25.9
2015-09-18,29.2,33.5,27.5
2015-09-19,28.8,34.4,27.3
2015-09-20,28.3,42.2,27.6
2015-09-21,29.0,34.1,27.4
2015-09-22,30.9,27.9,28.5
2015-09-23,25.9,44.4,25.5
2015-09-24,30.4,30.1,28.3
2015-09-25,29.7,36.3,28.4
2015-09-26,27.8,35.4,26.5
2015-09-27,29.7,24.9,27.0
2015-09-28,28.2,23.2,25.4
2015-09-29,28.2,24.4,25.5
2015-09-30,26.2,30.1,24.4
2016-05-01,25.9,19.1,22.8
2016-05-02,28.2,34.6,26.8
2016-05-03,17.6,94.6,20.9
2016-05-04,20.2,34.8,19.3
2016-05-05,26.6,24.2,24.1
2016-05-06,18.1,93.3,21.3
2016-05-07,22.5,36.7,21.6
2016-05-08,26.8,27.7,24.7
2016-05-09,25.4,30.1,23.6
2016-05-10,18.1,57.0,18.9
2016-05-11,23.5,44.4,23.2
2016-05-12,23.8,47.7,23.8
2016-05-13,25.4,32.6,23.9
2016-05-14,26.6,27.5,24.5
2016-05-15,24.0,42.4,23.6
2016-05-16,21.8,33.2,20.6
2016-05-17,26.0,36.5,24.9
2016-05-18,29.3,25.3,26.7
2016-05-19,31.8,22.3,28.5
2016-05-20,31.1,31.6,29.1
2016-05-21,30.3,18.4,26.5
2016-05-22,31.6,22.0,28.3
2016-05-23,29.4,31.1,27.5
2016-05-24,21.7,50.1,22.0
2016-05-25,24.3,50.3,24.5
2016-05-26,22.6,59.4,23.6
2016-05-27,25.9,48.9,25.9
2016-05-28,27.9,40.2,27.1
2016-05-29,27.4,42.7,26.8
2016-05-30,28.8,35.7,27.4
2016-05-31,27.6,44.9,27.2
2016-06-01,29.8,26.3,27.2
2016-06-02,29.1,31.2,27.2
2016-06-03,27.4,36.4,26.2
2016-06-04,25.8,43.0,25.3
2016-06-05,32.1,23.4,28.9
2016-06-06,28.1,33.8,26.6
2016-06-07,25.8,54.1,26.3
2016-06-08,27.6,47.1,27.4
2016-06-09,30.4,43.0,29.8
2016-06-10,30.7,43.5,30.1
2016-06-11,26.1,66.9,27.6
2016-06-12,26.2,73.4,28.2
2016-06-13,29.4,51.1,29.6
2016-06-14,29.1,53.4,29.5
2016-06-15,24.5,60.1,25.5
2016-06-16,24.8,59.0,25.7
2016-06-17,28.9,46.6,28.7
2016-06-18,29.8,45.7,29.4
2016-06-19,29.1,52.3,29.4
2016-06-20,30.5,44.3,30.0
2016-06-21,31.1,49.8,31.1
2016-06-22,30.2,54.8,30.7
2016-06-23,29.2,57.0,29.9
2016-06-24,25.6,65.3,27.0
2016-06-25,26.6,46.3,26.4
2016-06-26,29.9,42.1,29.2
2016-06-27,29.0,40.4,28.1
2016-06-28,29.4,52.8,29.7
2016-06-29,29.8,47.1,29.6
2016-06-30,26.9,67.6,28.5
2016-07-01,26.0,86.2,29.0
2016-07-02,27.7,59.2,28.6
2016-07-03,26.8,54.2,27.3
2016-07-04,24.1,66.2,25.6
2016-07-05,24.7,91.9,28.0
2016-07-06,26.8,58.9,27.7
2016-07-07,28.5,58.8,29.4
2016-07-08,32.4,47.9,32.2
2016-07-09,32.6,45.6,32.1
2016-07-10,33.0,49.3,32.9
2016-07-11,33.0,53.3,33.3
2016-07-12,30.8,54.3,31.2
2016-07-13,29.3,61.3,30.4
2016-07-14,31.7,54.5,32.2
2016-07-15,29.1,52.9,29.4
2016-07-16,23.8,82.8,26.5
2016-07-17,23.1,76.6,25.3
2016-07-18,28.1,61.2,29.2
2016-07-19,32.2,46.8,31.9
2016-07-20,32.6,54.7,33.1
2016-07-21,32.1,55.3,32.6
2016-07-22,33.8,51.7,34.0
2016-07-23,31.5,60.6,32.5
2016-07-24,30.0,70.0,31.8
2016-07-25,31.4,62.4,32.6
2016-07-26,31.9,56.9,32.6
2016-07-27,28.9,73.6,31.0
2016-07-28,30.5,59.1,31.4
2016-07-29,28.3,77.8,30.7
2016-07-30,32.8,54.7,33.3
2016-07-31,31.8,64.2,33.1
2016-08-01,32.0,61.6,33.1
2016-08-02,30.8,60.5,31.8
2016-08-03,33.8,50.3,33.8
2016-08-04,35.4,42.2,34.5
2016-08-05,35.9,44.9,35.3
2016-08-06,33.8,57.0,34.5
2016-08-07,34.9,44.6,34.3
2016-08-08,35.4,47.4,35.1
2016-08-09,33.3,55.1,33.8
2016-08-10,34.8,42.2,33.9
2016-08-11,36.3,44.0,35.6
2016-08-12,35.5,50.8,35.5
2016-08-13,35.0,44.4,34.4
2016-08-14,31.8,63.2,33.1
2016-08-15,33.3,50.8,33.4
2016-08-16,34.3,48.0,34.1
2016-08-17,34.0,46.1,33.6
2016-08-18,33.9,49.0,33.8
2016-08-19,33.2,54.0,33.6
2016-08-20,34.5,40.9,33.5
2016-08-21,36.5,33.4,34.4
2016-08-22,36.0,41.4,35.0
2016-08-23,32.9,51.4,33.1
2016-08-24,32.8,45.6,32.4
2016-08-25,32.0,51.1,32.1
2016-08-26,28.1,38.7,27.1
2016-08-27,29.6,32.7,27.9
2016-08-28,24.4,52.7,24.8
2016-08-29,26.7,46.0,26.4
2016-08-30,24.5,47.6,24.5
2016-08-31,19.2,81.6,21.7
2016-09-01,28.6,58.3,29.4
2016-09-02,28.9,52.0,29.1
2016-09-03,28.6,55.3,29.2
2016-09-04,29.3,63.8,30.6
2016-09-05,30.6,52.9,30.9
2016-09-06,28.8,50.5,28.9
2016-09-07,28.6,50.1,28.7
2016-09-08,26.5,61.6,27.6
2016-09-09,29.0,51.4,29.2
2016-09-10,29.0,47.8,28.9
2016-09-11,28.2,51.9,28.5
2016-09-12,27.3,54.2,27.8
2016-09-13,30.5,45.5,30.1
2016-09-14,28.8,54.0,29.2
2016-09-15,29.2,45.0,28.8
2016-09-16,29.4,47.2,29.2
2016-09-17,28.1,48.5,28.0
2016-09-18,28.3,41.0,27.5
2016-09-19,27.7,39.6,26.8
2016-09-20,26.8,28.2,24.7
2016-09-21,25.1,32.8,23.7
2016-09-22,26.7,37.4,25.6
2016-09-23,27.9,37.7,26.8
2016-09-24,28.6,39.8,27.7
2016-09-25,29.6,29.5,27.5
2016-09-26,28.9,43.9,28.4
2016-09-27,23.8,68.9,25.5
2016-09-28,21.7,79.2,24.1
2016-09-29,24.5,54.6,25.1
2016-09-30,23.4,58.5,24.3
2017-05-01,28.1,28.8,26.0
2017-05-02,27.8,29.4,25.8
2017-05-03,29.9,22.4,26.8
2017-05-04,27.5,29.0,25.5
2017-05-05,26.9,37.1,25.8
2017-05-06,18.6,36.5,18.0
2017-05-07,22.7,23.3,20.5
2017-05-08,23.4,45.7,23.3
2017-05-09,22.6,37.0,21.8
2017-05-10,20.6,58.1,21.5
2017-05-11,24.8,50.7,25.0
2017-05-12,21.1,69.0,22.8
2017-05-13,22.6,55.3,23.2
2017-05-14,20.7,34.7,19.8
2017-05-15,20.1,49.4,20.4
2017-05-16,22.2,43.1,21.9
2017-05-17,25.8,38.4,24.9
2017-05-18,26.7,30.9,25.0
2017-05-19,27.8,25.6,25.3
2017-05-20,27.2,36.2,26.0
2017-05-21,27.5,29.5,25.5
2017-05-22,28.0,40.3,27.2
2017-05-23,23.9,55.0,24.5
2017-05-24,27.6,38.3,26.6
2017-05-25,24.2,47.5,24.1
2017-05-26,23.1,31.2,21.7
2017-05-27,26.4,27.8,24.3
2017-05-28,27.8,39.5,26.9
2017-05-29,29.1,41.9,28.4
2017-05-30,29.8,19.0,26.2
2017-05-31,29.4,32.5,27.7
2017-06-01,27.0,48.1,26.9
2017-06-02,25.1,28.0,23.2
2017-06-03,26.4,28.3,24.4
2017-06-04,28.1,23.9,25.4
2017-06-05,29.8,22.4,26.7
2017-06-06,23.9,38.2,23.1
2017-06-07,19.1,97.3,22.6
2017-06-08,25.8,42.9,25.3
2017-06-09,25.7,53.7,26.2
2017-06-10,27.3,19.5,24.0
2017-06-11,29.6,22.2,26.5
2017-06-12,27.8,33.7,26.3
2017-06-13,25.4,51.6,25.7
2017-06-14,26.5,46.2,26.3
2017-06-15,29.4,35.5,28.0
2017-06-16,32.4,38.7,31.2
2017-06-17,29.9,31.4,28.0
2017-06-18,31.3,31.4,29.3
2017-06-19,29.2,45.8,28.9
2017-06-20,32.7,26.4,29.9
2017-06-21,31.6,32.5,29.7
2017-06-22,30.0,47.0,29.8
2017-06-23,33.5,38.9,32.3
2017-06-24,27.8,42.2,27.2
2017-06-25,28.1,55.4,28.7
2017-06-26,29.8,47.1,29.6
2017-06-27,30.4,52.8,30.7
2017-06-28,30.5,51.6,30.7
2017-06-29,31.5,44.0,30.9
2017-06-30,30.9,46.9,30.6
2017-07-01,30.6,48.6,30.5
2017-07-02,26.8,83.5,29.6
2017-07-03,27.4,70.7,29.2
2017-07-04,31.2,58.7,32.1
2017-07-05,32.6,50.7,32.7
2017-07-06,34.2,50.3,34.2
2017-07-07,28.1,76.4,30.4
2017-07-08,27.6,78.5,30.0
2017-07-09,30.3,74.8,32.5
2017-07-10,24.9,98.6,28.7
2017-07-11,30.1,67.4,31.7
2017-07-12,31.1,60.1,32.1
2017-07-13,32.1,55.6,32.6
2017-07-14,32.9,55.8,33.5
2017-07-15,27.3,77.2,29.6
2017-07-16,28.5,73.9,30.6
2017-07-17,28.5,80.0,31.1
2017-07-18,30.6,63.8,31.9
2017-07-19,34.1,54.2,34.5
2017-07-20,34.9,50.9,35.0
2017-07-21,32.4,66.0,33.9
2017-07-22,32.5,61.7,33.6
2017-07-23,27.2,99.2,31.1
2017-07-24,26.5,89.4,29.7
2017-07-25,35.4,40.2,34.3
2017-07-26,32.5,48.7,32.4
2017-07-27,29.7,57.2,30.4
2017-07-28,26.8,88.7,30.0
2017-07-29,29.9,63.7,31.2
2017-07-30,32.4,51.2,32.5
2017-07-31,27.1,72.7,29.1
2017-08-01,32.9,59.2,33.8
2017-08-02,33.0,63.4,34.3
2017-08-03,32.9,55.2,33.4
2017-08-04,35.1,45.4,34.6
2017-08-05,34.6,59.7,35.5
2017-08-06,34.0,57.3,34.7
2017-08-07,34.1,53.8,34.4
2017-08-08,30.6,60.1,31.6
2017-08-09,31.9,50.2,31.9
2017-08-10,26.3,88.3,29.4
2017-08-11,32.3,48.2,32.1
2017-08-12,32.3,49.3,32.2
2017-08-13,28.4,56.9,29.1
2017-08-14,26.5,71.5,28.4
2017-08-15,23.8,79.8,26.3
2017-08-16,26.8,68.9,28.5
2017-08-17,27.6,71.3,29.5
2017-08-18,30.6,57.9,31.4
2017-08-19,28.6,69.8,30.4
2017-08-20,25.7,82.9,28.4
2017-08-21,28.7,72.7,30.7
2017-08-22,31.3,56.1,31.9
2017-08-23,30.2,75.1,32.4
2017-08-24,28.1,80.4,30.7
2017-08-25,30.3,38.3,29.2
2017-08-26,29.1,35.4,27.7
2017-08-27,26.6,51.2,26.8
2017-08-28,26.4,56.4,27.1
2017-08-29,23.9,38.9,23.1
2017-08-30,23.9,57.7,24.7
2017-08-31,27.4,45.9,27.1
2017-09-01,29.5,41.2,28.7
2017-09-02,29.5,38.2,28.4
2017-09-03,29.1,44.2,28.6
2017-09-04,29.9,36.6,28.6
2017-09-05,23.7,59.9,24.7
2017-09-06,24.0,71.3,25.8
2017-09-07,27.2,61.7,28.3
2017-09-08,29.6,41.3,28.8
2017-09-09,28.1,54.8,28.6
2017-09-10,26.1,65.3,27.5
2017-09-11,24.6,62.7,25.8
2017-09-12,27.9,47.6,27.8
2017-09-13,27.4,32.5,25.8
2017-09-14,29.1,39.1,28.1
2017-09-15,27.4,40.2,26.6
2017-09-16,27.4,44.2,27.0
2017-09-17,29.2,36.6,27.9
2017-09-18,27.4,43.2,26.9
2017-09-19,25.6,74.4,27.7
2017-09-20,24.8,33.7,23.5
2017-09-21,26.8,34.3,25.4
2017-09-22,26.8,45.9,26.6
2017-09-23,27.0,54.6,27.5
2017-09-24,27.9,56.6,28.6
2017-09-25,30.0,38.3,28.8
2017-09-26,31.2,38.9,30.1
2017-09-27,27.3,56.7,28.0
2017-09-28,24.5,41.9,24.0
2017-09-29,23.5,27.0,21.6
2017-09-30,25.8,53.9,26.3
2019-05-01,22.0,45.9,21.9
2019-05-02,25.0,20.9,22.2
2019-05-03,26.1,22.6,23.4
2019-05-04,27.3,27.0,25.0
2019-05-05,26.2,20.2,23.2
2019-05-06,18.4,25.7,16.9
2019-05-07,21.9,21.6,19.6
2019-05-08,21.1,35.2,20.2
2019-05-09,22.9,22.0,20.5
2019-05-10,26.7,30.4,24.9
2019-05-11,28.0,30.8,26.1
2019-05-12,28.8,26.9,26.4
2019-05-13,22.7,34.8,21.6
2019-05-14,26.8,28.7,24.8
2019-05-15,27.8,28.6,25.7
2019-05-16,29.9,30.1,27.8
2019-05-17,28.3,33.7,26.8
2019-05-18,25.9,40.3,25.2
2019-05-19,21.1,92.2,24.3
2019-05-20,20.0,91.5,23.2
2019-05-21,23.1,31.1,21.7
2019-05-22,26.3,22.6,23.6
2019-05-23,28.8,28.2,26.6
2019-05-24,33.2,30.7,31.0
2019-05-25,27.6,30.3,25.7
2019-05-26,30.7,26.5,28.1
2019-05-27,19.6,94.0,22.9
2019-05-28,24.5,27.0,22.5
2019-05-29,26.5,28.7,24.5
2019-05-30,24.3,36.4,23.3
2019-05-31,23.3,37.6,22.4
2019-06-01,23.7,44.3,23.4
2019-06-02,27.5,30.0,25.6
2019-06-03,29.5,33.6,27.9
2019-06-04,29.0,35.1,27.6
2019-06-05,29.3,47.9,29.1
2019-06-06,25.1,58.5,26.0
2019-06-07,24.6,54.7,25.2
2019-06-08,27.3,44.8,26.9
2019-06-09,26.3,52.8,26.7
2019-06-10,21.9,53.1,22.4
2019-06-11,25.9,37.5,24.9
2019-06-12,26.4,50.0,26.5
2019-06-13,28.4,39.5,27.5
2019-06-14,28.2,36.7,27.0
2019-06-15,27.4,44.0,26.9
2019-06-16,27.1,42.6,26.5
2019-06-17,26.1,43.4,25.7
2019-06-18,24.5,65.7,25.9
2019-06-19,25.3,60.4,26.3
2019-06-20,27.5,52.3,27.8
2019-06-21,26.1,58.3,26.9
2019-06-22,30.4,30.3,28.3
2019-06-23,30.9,31.6,28.9
2019-06-24,30.7,34.4,29.1
2019-06-25,32.7,29.0,30.3
2019-06-26,29.1,44.0,28.6
2019-06-27,31.1,47.9,30.9
2019-06-28,28.8,54.8,29.3
2019-06-29,27.7,48.6,27.7
2019-06-30,28.5,51.1,28.7
2019-07-01,28.8,41.6,28.1
2019-07-02,29.5,43.0,28.9
2019-07-03,27.4,52.0,27.7
2019-07-04,32.8,31.2,30.7
2019-07-05,34.9,31.9,32.7
2019-07-06,35.9,25.9,32.8
2019-07-07,32.4,28.8,30.0
2019-07-08,31.0,32.8,29.2
2019-07-09,29.8,35.7,28.4
2019-07-10,27.3,42.8,26.8
2019-07-11,25.8,62.5,27.0
2019-07-12,28.5,50.9,28.7
2019-07-13,29.2,50.9,29.4
2019-07-14,31.5,41.3,30.6
2019-07-15,27.2,62.6,28.4
2019-07-16,28.5,61.3,29.6
2019-07-17,29.1,56.9,29.8
2019-07-18,31.6,46.8,31.3
2019-07-19,34.9,39.4,33.7
2019-07-20,31.8,52.4,32.0
2019-07-21,27.0,79.7,29.5
2019-07-22,31.0,56.0,31.6
2019-07-23,32.9,52.2,33.1
2019-07-24,27.0,82.5,29.7
2019-07-25,26.9,94.3,30.5
2019-07-26,25.9,92.8,29.3
2019-07-27,33.2,53.9,33.6
2019-07-28,28.2,77.7,30.6
2019-07-29,29.7,70.0,31.5
2019-07-30,30.7,67.6,32.3
2019-07-31,26.6,92.8,30.1
2019-08-01,30.0,72.3,32.0
2019-08-02,33.0,57.4,33.7
2019-08-03,35.2,53.0,35.5
2019-08-04,34.3,52.7,34.5
2019-08-05,35.8,48.3,35.5
2019-08-06,36.4,39.9,35.2
2019-08-07,30.3,65.5,31.7
2019-08-08,32.6,58.1,33.4
2019-08-09,34.4,54.6,34.9
2019-08-10,36.5,43.8,35.8
2019-08-11,35.6,37.6,34.1
2019-08-12,28.5,89.5,31.8
2019-08-13,35.3,47.5,35.0
2019-08-14,35.7,45.5,35.2
2019-08-15,28.6,62.1,29.7
2019-08-16,29.5,64.0,30.8
2019-08-17,28.4,63.9,29.7
2019-08-18,30.6,45.5,30.2
2019-08-19,30.8,46.7,30.5
2019-08-20,32.6,48.3,32.4
2019-08-21,30.3,57.2,31.0
2019-08-22,31.3,45.3,30.8
2019-08-23,30.3,36.1,28.9
2019-08-24,27.2,59.0,28.1
2019-08-25,29.9,48.8,29.8
2019-08-26,32.1,38.9,30.9
2019-08-27,29.3,51.7,29.5
2019-08-28,29.7,49.0,29.7
2019-08-29,26.2,64.4,27.5
2019-08-30,27.0,47.4,26.9
2019-08-31,28.9,41.6,28.2
2019-09-01,27.5,51.1,27.7
2019-09-02,29.6,40.5,28.7
2019-09-03,27.8,58.2,28.6
2019-09-04,25.5,82.5,28.2
2019-09-05,27.5,70.0,29.3
2019-09-06,29.1,66.8,30.6
2019-09-07,29.5,59.0,30.4
2019-09-08,27.2,68.0,28.8
2019-09-09,28.0,64.2,29.3
2019-09-10,26.5,79.6,29.0
2019-09-11,28.6,56.8,29.3
2019-09-12,22.9,63.7,24.1
2019-09-13,29.0,40.8,28.2
2019-09-14,23.0,93.4,26.4
2019-09-15,29.9,47.3,29.7
2019-09-16,30.4,36.5,29.0
2019-09-17,28.8,33.3,27.2
2019-09-18,24.7,45.4,24.5
2019-09-19,25.9,41.7,25.3
2019-09-20,24.2,41.8,23.7
2019-09-21,22.0,55.3,22.7
2019-09-22,18.9,72.5,20.8
2019-09-23,24.2,42.7,23.8
2019-09-24,26.5,39.7,25.7
2019-09-25,27.4,41.0,26.6
2019-09-26,28.4,43.1,27.8
2019-09-27,26.9,47.0,26.7
2019-09-28,28.8,47.1,28.6
2019-09-29,28.5,34.3,27.0
2019-09-30,29.7,32.4,27.9
2020-05-01,26.1,55.2,26.7
2020-05-02,23.5,70.4,25.3
2020-05-03,27.3,49.0,27.3
2020-05-04,25.1,53.8,25.6
2020-05-05,19.3,64.7,20.7
2020-05-06,27.3,25.5,24.9
2020-05-07,26.5,21.4,23.6
2020-05-08,27.2,14.2,23.1
2020-05-09,16.7,96.3,20.1
2020-05-10,16.5,83.5,19.1
2020-05-11,20.8,45.5,20.8
2020-05-12,18.9,61.1,20.0
2020-05-13,21.2,35.2,20.3
2020-05-14,25.2,23.5,22.7
2020-05-15,19.2,50.6,19.6
2020-05-16,20.3,76.9,22.5
2020-05-17,24.8,60.5,25.8
2020-05-18,26.7,52.5,27.0
2020-05-19,16.1,78.9,18.4
2020-05-20,20.1,48.5,20.3
2020-05-21,22.9,44.0,22.6
2020-05-22,22.5,59.4,23.5
2020-05-23,24.9,48.0,24.9
2020-05-24,20.2,75.5,22.3
2020-05-25,21.3,68.4,22.9
2020-05-26,22.4,58.6,23.3
2020-05-27,23.5,51.0,23.8
2020-05-28,23.4,45.9,23.3
2020-05-29,27.5,40.2,26.7
2020-05-30,30.0,31.6,28.1
2020-05-31,27.9,42.9,27.3
2020-06-01,24.4,39.9,23.7
2020-06-02,21.6,52.7,22.1
2020-06-03,28.2,51.1,28.4
2020-06-04,26.5,60.3,27.5
2020-06-05,28.7,48.5,28.6
2020-06-06,30.4,44.1,29.9
2020-06-07,29.0,49.4,29.0
2020-06-08,32.0,43.0,31.3
2020-06-09,32.6,40.7,31.6
2020-06-10,31.9,45.6,31.5
2020-06-11,31.6,45.7,31.2
2020-06-12,27.5,56.2,28.2
2020-06-13,33.2,38.9,32.0
2020-06-14,28.7,52.6,29.0
2020-06-15,27.1,52.9,27.5
2020-06-16,30.5,43.1,29.9
2020-06-17,30.3,45.2,29.9
2020-06-18,27.2,48.8,27.2
2020-06-19,29.9,48.0,29.8
2020-06-20,29.7,50.1,29.8
2020-06-21,32.6,39.6,31.5
2020-06-22,35.3,30.7,32.9
2020-06-23,31.0,44.1,30.4
2020-06-24,26.1,66.7,27.6
2020-06-25,22.6,91.1,25.8
2020-06-26,25.6,67.8,27.2
2020-06-27,29.5,55.1,30.0
2020-06-28,30.0,52.3,30.3
2020-06-29,26.5,67.4,28.1
2020-06-30,23.0,70.8,24.8
2020-07-01,24.2,69.0,25.9
2020-07-02,29.8,54.1,30.2
2020-07-03,29.6,56.5,30.3
2020-07-04,29.4,43.8,28.9
2020-07-05,27.6,54.4,28.1
2020-07-06,30.9,50.9,31.0
2020-07-07,28.0,62.4,29.2
2020-07-08,30.3,57.0,31.0
2020-07-09,32.9,42.5,32.1
2020-07-10,27.2,67.2,28.7
2020-07-11,30.2,52.2,30.5
2020-07-12,26.0,64.1,27.3
2020-07-13,21.7,88.7,24.7
2020-07-14,24.1,68.2,25.7
2020-07-15,28.6,46.0,28.3
2020-07-16,29.6,60.1,30.6
2020-07-17,31.6,54.1,32.0
2020-07-18,31.0,55.7,31.6
2020-07-19,26.5,79.3,29.0
2020-07-20,26.6,83.5,29.4
2020-07-21,30.3,56.1,30.9
2020-07-22,25.6,84.0,28.4
2020-07-23,22.5,94.1,25.9
2020-07-24,26.7,64.6,28.0
2020-07-25,28.9,57.8,29.7
2020-07-26,29.4,60.5,30.4
2020-07-27,25.3,88.5,28.4
2020-07-28,26.4,76.0,28.6
2020-07-29,24.9,95.6,28.5
2020-07-30,28.2,75.7,30.4
2020-07-31,29.6,72.2,31.6
2020-08-01,26.8,88.6,30.0
2020-08-02,26.3,95.8,29.9
2020-08-03,26.3,89.4,29.5
2020-08-04,29.2,80.1,31.8
2020-08-05,29.1,84.1,32.0
2020-08-06,25.4,96.5,29.1
2020-08-07,26.1,82.0,28.8
2020-08-08,26.0,85.3,28.9
2020-08-09,25.8,90.6,29.1
2020-08-10,29.5,81.0,32.2
2020-08-11,27.3,82.1,30.0
2020-08-12,31.3,70.6,33.2
2020-08-13,30.3,74.9,32.5
2020-08-14,27.9,85.8,30.9
2020-08-15,27.0,95.1,30.6
2020-08-16,30.6,72.6,32.6
2020-08-17,32.2,63.4,33.5
2020-08-18,31.9,63.6,33.2
2020-08-19,31.4,63.9,32.7
2020-08-20,31.6,62.8,32.8
2020-08-21,29.2,77.1,31.5
2020-08-22,27.6,79.0,30.1
2020-08-23,29.9,61.8,31.0
2020-08-24,31.9,61.0,33.0
2020-08-25,34.3,53.5,34.6
2020-08-26,34.2,57.8,35.0
2020-08-27,28.6,78.9,31.1
2020-08-28,29.5,81.1,32.2
2020-08-29,28.9,81.3,31.6
2020-08-30,30.6,77.3,33.0
2020-08-31,30.0,70.0,31.8
2020-09-01,29.5,65.7,31.0
2020-09-02,26.4,80.1,28.9
2020-09-03,25.6,65.2,27.0
2020-09-04,26.7,53.1,27.1
2020-09-05,27.2,59.3,28.1
2020-09-06,24.4,66.4,25.9
2020-09-07,20.2,98.8,23.8
2020-09-08,26.4,60.0,27.4
2020-09-09,25.1,73.0,27.1
2020-09-10,27.0,59.1,27.9
2020-09-11,26.9,57.3,27.6
2020-09-12,23.2,79.0,25.6
2020-09-13,26.6,53.1,27.0
2020-09-14,24.9,64.1,26.2
2020-09-15,27.1,62.6,28.3
2020-09-16,24.8,74.2,26.8
2020-09-17,21.2,87.5,24.1
2020-09-18,24.5,58.4,25.3
2020-09-19,24.6,48.7,24.7
2020-09-20,24.7,43.2,24.3
2020-09-21,25.2,37.7,24.3
2020-09-22,25.4,41.8,24.8
2020-09-23,23.7,53.2,24.2
2020-09-24,25.4,50.2,25.6
2020-09-25,25.4,50.1,25.6
2020-09-26,24.7,48.1,24.7
2020-09-27,25.8,47.8,25.7
2020-09-28,26.2,47.8,26.1
2020-09-29,23.8,52.2,24.2
2020-09-30,25.6,51.7,25.9
2021-05-01,15.2,52.9,15.9
2021-05-02,18.7,49.8,19.1
2021-05-03,20.2,33.1,19.2
2021-05-04,15.8,98.9,19.3
2021-05-05,18.0,48.4,18.3
2021-05-06,23.0,40.0,22.4
2021-05-07,16.4,72.0,18.3
2021-05-08,21.0,41.0,20.6
2021-05-09,21.7,28.4,20.1
2021-05-10,14.6,69.2,16.3
2021-05-11,25.5,32.0,24.0
2021-05-12,27.6,33.3,26.0
2021-05-13,29.5,39.3,28.5
2021-05-14,30.7,39.3,29.6
2021-05-15,26.2,60.0,27.2
2021-05-16,20.8,98.6,24.4
2021-05-17,16.7,90.5,19.7
2021-05-18,24.3,57.2,25.1
2021-05-19,26.0,41.6,25.4
2021-05-20,22.9,52.4,23.3
2021-05-21,17.5,88.2,20.4
2021-05-22,23.7,57.9,24.5
2021-05-23,25.1,50.6,25.3
2021-05-24,24.4,47.2,24.4
2021-05-25,19.3,60.8,20.4
2021-05-26,22.9,38.8,22.2
2021-05-27,18.7,81.6,21.2
2021-05-28,19.6,73.8,21.6
2021-05-29,19.1,67.2,20.6
2021-05-30,26.2,43.5,25.8
2021-05-31,23.8,65.2,25.2
2021-06-01,23.9,62.5,25.1
2021-06-02,29.5,42.2,28.8
2021-06-03,21.9,76.2,24.1
2021-06-04,23.2,47.2,23.2
2021-06-05,24.9,61.1,26.0
2021-06-06,28.2,51.0,28.4
2021-06-07,24.0,60.2,25.0
2021-06-08,29.3,52.1,29.6
2021-06-09,31.6,41.2,30.7
2021-06-10,29.8,46.8,29.6
2021-06-11,24.4,73.4,26.3
2021-06-12,30.1,56.7,30.7
2021-06-13,29.7,55.5,30.3
2021-06-14,30.2,56.0,30.8
2021-06-15,25.3,69.7,27.0
2021-06-16,28.9,48.9,28.9
2021-06-17,24.9,61.0,26.0
2021-06-18,21.1,88.8,24.1
2021-06-19,27.3,58.7,28.2
2021-06-20,29.0,51.4,29.2
2021-06-21,28.4,49.8,28.5
2021-06-22,28.5,47.1,28.3
2021-06-23,27.7,52.3,28.0
2021-06-24,27.9,57.8,28.7
2021-06-25,29.4,51.2,29.6
2021-06-26,26.7,66.0,28.1
2021-06-27,30.8,48.5,30.7
2021-06-28,29.2,60.9,30.2
2021-06-29,28.3,60.0,29.3
2021-06-30,28.7,60.2,29.7
2021-07-01,30.6,56.7,31.3
2021-07-02,31.6,53.0,31.9
2021-07-03,25.7,66.4,27.2
2021-07-04,23.1,98.2,26.8
2021-07-05,26.7,69.7,28.4
2021-07-06,30.0,57.5,30.7
2021-07-07,29.1,69.1,30.8
2021-07-08,29.7,69.8,31.5
2021-07-09,29.2,64.9,30.6
2021-07-10,29.1,66.7,30.6
2021-07-11,27.5,83.5,30.3
2021-07-12,32.3,63.6,33.6
2021-07-13,31.4,66.1,32.9
2021-07-14,33.4,60.5,34.4
2021-07-15,34.5,55.5,35.0
2021-07-16,35.1,51.3,35.2
2021-07-17,32.8,53.6,33.2
2021-07-18,34.0,49.4,33.9
2021-07-19,30.5,62.7,31.7
2021-07-20,31.8,62.1,33.0
2021-07-21,35.1,49.0,35.0
2021-07-22,35.7,41.5,34.7
2021-07-23,35.4,49.2,35.3
2021-07-24,36.5,41.6,35.5
2021-07-25,35.8,44.3,35.1
2021-07-26,35.3,46.2,34.9
2021-07-27,35.7,47.5,35.4
2021-07-28,34.4,56.9,35.1
2021-07-29,33.3,60.7,34.3
2021-07-30,35.3,46.1,34.9
2021-07-31,34.0,57.8,34.7
2021-08-01,28.8,81.7,31.5
2021-08-02,28.6,71.1,30.5
2021-08-03,31.4,66.1,32.9
2021-08-04,33.0,58.2,33.8
2021-08-05,33.7,54.8,34.2
2021-08-06,32.2,61.3,33.3
2021-08-07,32.3,50.8,32.4
2021-08-08,32.0,60.1,33.0
2021-08-09,33.6,45.2,33.1
2021-08-10,32.1,50.9,32.2
2021-08-11,31.5,57.8,32.3
2021-08-12,31.7,57.0,32.4
2021-08-13,30.1,60.6,31.1
2021-08-14,30.4,52.7,30.7
2021-08-15,32.2,45.6,31.8
2021-08-16,32.6,43.8,31.9
2021-08-17,31.2,49.4,31.1
2021-08-18,31.0,48.6,30.9
2021-08-19,31.4,44.8,30.9
2021-08-20,30.6,52.6,30.9
2021-08-21,25.4,83.1,28.1
2021-08-22,26.8,69.6,28.5
2021-08-23,23.9,87.3,26.9
2021-08-24,26.4,93.0,29.8
2021-08-25,27.3,76.2,29.5
2021-08-26,27.7,81.9,30.4
2021-08-27,25.5,87.3,28.5
2021-08-28,28.2,60.7,29.2
2021-08-29,26.3,70.2,28.1
2021-08-30,27.7,63.2,28.9
2021-08-31,23.0,89.7,26.1
2021-09-01,23.9,74.7,26.0
2021-09-02,26.5,61.5,27.6
2021-09-03,29.2,43.0,28.6
2021-09-04,28.6,48.7,28.6
2021-09-05,27.2,55.3,27.7
2021-09-06,26.4,52.9,26.8
2021-09-07,20.9,98.9,24.6
2021-09-08,26.7,63.5,28.0
2021-09-09,29.1,52.2,29.4
2021-09-10,28.9,52.7,29.2
2021-09-11,29.4,52.2,29.7
2021-09-12,29.2,53.2,29.6
2021-09-13,30.2,54.5,30.7
2021-09-14,29.4,46.5,29.1
2021-09-15,28.8,46.9,28.6
2021-09-16,27.2,49.8,27.3
2021-09-17,28.1,50.2,28.2
2021-09-18,29.8,47.2,29.6
2021-09-19,27.3,62.5,28.5
2021-09-20,28.3,50.6,28.4
2021-09-21,26.2,64.2,27.5
2021-09-22,24.0,67.1,25.5
2021-09-23,25.9,50.5,26.1
2021-09-24,26.7,52.2,27.0
2021-09-25,23.1,69.3,24.8
2021-09-26,27.3,51.9,27.6
2021-09-27,25.0,56.4,25.7
2021-09-28,24.3,63.0,25.5
2021-09-29,21.3,98.3,24.9
2021-09-30,25.9,65.3,27.3
2022-05-01,19.2,28.9,17.9
2022-05-02,19.4,29.5,18.1
2022-05-03,20.5,30.0,19.2
2022-05-04,25.2,35.0,24.0
2022-05-05,25.7,36.5,24.6
2022-05-06,25.5,45.9,25.3
2022-05-07,23.1,28.0,21.3
2022-05-08,18.2,36.4,17.6
2022-05-09,25.2,33.3,23.8
2022-05-10,26.3,19.9,23.2
2022-05-11,25.1,38.8,24.3
2022-05-12,27.9,35.5,26.6
2022-05-13,25.0,37.2,24.0
2022-05-14,20.0,37.2,19.3
2022-05-15,22.3,30.0,20.8
2022-05-16,23.7,37.5,22.8
2022-05-17,27.4,39.4,26.5
2022-05-18,25.4,41.6,24.8
2022-05-19,24.2,45.2,24.0
2022-05-20,25.6,42.5,25.1
2022-05-21,26.0,50.8,26.2
2022-05-22,25.8,53.0,26.2
2022-05-23,30.4,44.3,29.9
2022-05-24,30.0,34.9,28.5
2022-05-25,26.6,45.4,26.3
2022-05-26,22.2,49.2,22.4
2022-05-27,25.4,48.8,25.5
2022-05-28,29.3,38.9,28.3
2022-05-29,29.3,44.2,28.8
2022-05-30,24.5,62.2,25.7
2022-05-31,26.6,32.4,25.0
2022-06-01,28.6,25.7,26.1
2022-06-02,26.8,50.7,27.0
2022-06-03,32.1,41.5,30.7
2022-06-04,29.7,45.6,28.8
2022-06-05,27.0,44.3,26.1
2022-06-06,24.5,49.7,24.1
2022-06-07,25.1,41.4,24.0
2022-06-08,25.8,49.3,25.4
2022-06-09,24.5,59.1,24.9
2022-06-10,26.6,53.2,26.5
2022-06-11,32.7,36.1,30.7
2022-06-12,31.4,38.0,29.7
2022-06-13,29.1,53.7,29.0
2022-06-14,27.1,43.2,26.1
2022-06-15,20.1,87.5,22.5
2022-06-16,24.7,56.1,24.9
2022-06-17,28.0,59.1,28.4
2022-06-18,25.1,75.6,26.7
2022-06-19,25.0,76.3,26.7
2022-06-20,29.0,61.1,29.6
2022-06-21,32.6,53.6,32.4
2022-06-22,30.4,58.1,30.7
2022-06-23,26.1,86.4,28.6
2022-06-24,23.5,100.0,26.8
2022-06-25,30.4,71.8,31.9
2022-06-26,28.0,80.3,30.1
2022-06-27,28.0,81.0,30.1
2022-06-28,27.9,76.2,29.7
2022-06-29,26.1,93.6,29.1
2022-06-30,24.5,100.0,27.8
2022-07-01,30.7,67.2,31.8
2022-07-02,33.7,54.7,33.7
2022-07-03,34.1,51.4,33.7
2022-07-04,32.6,60.5,33.1
2022-07-05,32.3,70.3,33.7
2022-07-06,33.3,63.4,34.1
2022-07-07,31.0,74.3,32.7
2022-07-08,27.0,88.2,29.6
2022-07-09,30.8,68.8,32.0
2022-07-10,35.0,50.8,34.6
2022-07-11,30.2,67.4,31.3
2022-07-12,29.4,69.6,30.7
2022-07-13,27.1,78.0,29.0
2022-07-14,29.9,66.5,30.9
2022-07-15,29.8,67.4,30.9
2022-07-16,28.1,71.3,29.5
2022-07-17,29.5,67.1,30.6
2022-07-18,29.9,68.7,31.1
2022-07-19,31.1,60.3,31.6
2022-07-20,30.2,62.6,30.9
2022-07-21,25.1,81.0,27.2
2022-07-22,27.4,79.5,29.4
2022-07-23,27.9,71.5,29.3
2022-07-24,28.3,77.6,30.1
2022-07-25,31.8,59.8,32.2
2022-07-26,32.7,60.2,33.2
2022-07-27,33.4,55.5,33.4
2022-07-28,34.1,55.1,34.1
2022-07-29,34.0,59.8,34.5
2022-07-30,35.8,53.9,35.7
2022-07-31,28.3,85.4,30.8
2022-08-01,32.2,73.1,33.8
2022-08-02,28.4,81.4,30.6
2022-08-03,29.9,80.6,32.0
2022-08-04,32.8,66.8,33.9
2022-08-05,32.7,65.3,33.6
2022-08-06,29.9,87.1,32.5
2022-08-07,31.6,75.6,33.4
2022-08-08,28.4,85.2,30.9
2022-08-09,26.5,95.3,29.6
2022-08-10,28.8,69.9,30.1
2022-08-11,27.5,79.3,29.5
2022-08-12,32.1,52.5,31.9
2022-08-13,27.5,83.7,29.8
2022-08-14,31.4,72.5,32.9
2022-08-15,29.8,76.0,31.6
2022-08-16,30.0,63.8,30.8
2022-08-17,30.5,66.4,31.5
2022-08-18,29.6,62.1,30.2
2022-08-19,27.1,96.2,30.3
2022-08-20,31.7,68.2,32.9
2022-08-21,31.9,64.6,32.8
2022-08-22,30.2,67.0,31.2
2022-08-23,30.0,61.7,30.6
2022-08-24,27.9,62.2,28.6
2022-08-25,23.8,84.4,26.1
2022-08-26,28.4,59.0,28.8
2022-08-27,23.1,86.3,25.4
2022-08-28,28.1,43.9,27.1
2022-08-29,22.2,78.3,24.0
2022-08-30,19.7,98.3,22.8
2022-08-31,24.8,74.8,26.4
2022-09-01,30.4,51.2,30.1
2022-09-02,29.8,50.3,29.4
2022-09-03,29.2,56.8,29.4
2022-09-04,24.0,98.9,27.3
2022-09-05,22.7,96.4,25.8
2022-09-06,25.4,60.9,25.9
2022-09-07,28.1,41.6,26.9
2022-09-08,29.3,46.4,28.5
2022-09-09,30.7,41.5,29.4
2022-09-10,28.4,43.6,27.4
2022-09-11,26.4,57.7,26.7
2022-09-12,27.5,64.0,28.3
2022-09-13,26.3,69.3,27.5
2022-09-14,27.8,55.2,27.9
2022-09-15,28.3,60.5,28.8
2022-09-16,29.9,66.3,30.9
2022-09-17,29.4,69.6,30.7
2022-09-18,32.5,57.8,32.8
2022-09-19,29.2,57.6,29.4
2022-09-20,24.5,41.1,23.4
2022-09-21,25.3,43.3,24.4
2022-09-22,24.6,49.3,24.2
2022-09-23,22.2,64.3,23.0
2022-09-24,24.0,43.8,23.2
2022-09-25,25.1,42.8,24.1
2022-09-26,25.4,38.7,24.0
2022-09-27,27.7,39.2,26.2
2022-09-28,26.1,50.1,25.8
2022-09-29,26.0,47.7,25.4
2022-09-30,27.1,45.1,26.3
2023-05-01,20.8,32.8,19.2
2023-05-02,23.7,25.8,21.1
2023-05-03,25.3,42.4,24.3
2023-05-04,25.6,53.6,25.6
2023-05-05,20.3,100.0,23.5
2023-05-06,15.5,97.8,18.4
2023-05-07,18.6,40.3,17.7
2023-05-08,21.7,41.2,20.8
2023-05-09,24.4,35.0,22.7
2023-05-10,25.7,31.4,23.6
2023-05-11,26.7,34.9,24.8
2023-05-12,24.4,30.6,22.3
2023-05-13,23.8,43.6,23.0
2023-05-14,23.5,42.6,22.6
2023-05-15,27.8,38.4,26.3
2023-05-16,31.0,39.0,29.4
2023-05-17,28.7,39.4,27.2
2023-05-18,27.2,54.3,27.2
2023-05-19,27.8,46.4,27.1
2023-05-20,26.7,55.0,26.8
2023-05-21,21.1,59.9,21.6
2023-05-22,26.7,33.1,24.7
2023-05-23,26.6,32.8,24.6
2023-05-24,25.9,37.7,24.4
2023-05-25,27.4,28.8,24.9
2023-05-26,27.3,40.2,26.0
2023-05-27,20.6,83.6,22.7
2023-05-28,20.2,100.0,23.4
2023-05-29,28.5,62.6,29.2
2023-05-30,28.9,51.2,28.6
2023-05-31,28.1,49.3,27.6
2023-06-01,26.3,58.9,26.7
2023-06-02,24.9,62.5,25.6
2023-06-03,27.7,40.8,26.4
2023-06-04,26.7,50.8,26.4
2023-06-05,26.3,48.4,25.8
2023-06-06,24.8,57.9,25.1
2023-06-07,25.7,65.0,26.6
2023-06-08,23.8,68.3,24.9
2023-06-09,27.0,59.6,27.4
2023-06-10,28.3,52.2,28.1
2023-06-11,27.2,56.9,27.4
2023-06-12,27.4,51.0,27.1
2023-06-13,25.9,59.1,26.3
